-- MySQL dump 10.13  Distrib 8.0.29, for Linux (x86_64)
--
-- Host: cartoonguesser.mysql.pythonanywhere-services.com    Database: cartoonguesser$cartoonguesserdb
-- ------------------------------------------------------
-- Server version	8.0.40

/*!40101 SET @OLD_CHARACTER_SET_CLIENT=@@CHARACTER_SET_CLIENT */;
/*!40101 SET @OLD_CHARACTER_SET_RESULTS=@@CHARACTER_SET_RESULTS */;
/*!40101 SET @OLD_COLLATION_CONNECTION=@@COLLATION_CONNECTION */;
/*!50503 SET NAMES utf8mb4 */;
/*!40103 SET @OLD_TIME_ZONE=@@TIME_ZONE */;
/*!40103 SET TIME_ZONE='+00:00' */;
/*!40014 SET @OLD_UNIQUE_CHECKS=@@UNIQUE_CHECKS, UNIQUE_CHECKS=0 */;
/*!40014 SET @OLD_FOREIGN_KEY_CHECKS=@@FOREIGN_KEY_CHECKS, FOREIGN_KEY_CHECKS=0 */;
/*!40101 SET @OLD_SQL_MODE=@@SQL_MODE, SQL_MODE='NO_AUTO_VALUE_ON_ZERO' */;
/*!40111 SET @OLD_SQL_NOTES=@@SQL_NOTES, SQL_NOTES=0 */;

--
-- Table structure for table `auth_group`
--

DROP TABLE IF EXISTS `auth_group`;
/*!40101 SET @saved_cs_client     = @@character_set_client */;
/*!50503 SET character_set_client = utf8mb4 */;
CREATE TABLE `auth_group` (
  `id` int NOT NULL AUTO_INCREMENT,
  `name` varchar(150) NOT NULL,
  PRIMARY KEY (`id`),
  UNIQUE KEY `name` (`name`)
) ENGINE=InnoDB DEFAULT CHARSET=utf8mb3;
/*!40101 SET character_set_client = @saved_cs_client */;

--
-- Dumping data for table `auth_group`
--

LOCK TABLES `auth_group` WRITE;
/*!40000 ALTER TABLE `auth_group` DISABLE KEYS */;
/*!40000 ALTER TABLE `auth_group` ENABLE KEYS */;
UNLOCK TABLES;

--
-- Table structure for table `auth_group_permissions`
--

DROP TABLE IF EXISTS `auth_group_permissions`;
/*!40101 SET @saved_cs_client     = @@character_set_client */;
/*!50503 SET character_set_client = utf8mb4 */;
CREATE TABLE `auth_group_permissions` (
  `id` bigint NOT NULL AUTO_INCREMENT,
  `group_id` int NOT NULL,
  `permission_id` int NOT NULL,
  PRIMARY KEY (`id`),
  UNIQUE KEY `group_id` (`group_id`,`permission_id`),
  KEY `permission_id` (`permission_id`),
  CONSTRAINT `auth_group_permissions_ibfk_1` FOREIGN KEY (`group_id`) REFERENCES `auth_group` (`id`),
  CONSTRAINT `auth_group_permissions_ibfk_2` FOREIGN KEY (`permission_id`) REFERENCES `auth_permission` (`id`)
) ENGINE=InnoDB DEFAULT CHARSET=utf8mb3;
/*!40101 SET character_set_client = @saved_cs_client */;

--
-- Dumping data for table `auth_group_permissions`
--

LOCK TABLES `auth_group_permissions` WRITE;
/*!40000 ALTER TABLE `auth_group_permissions` DISABLE KEYS */;
/*!40000 ALTER TABLE `auth_group_permissions` ENABLE KEYS */;
UNLOCK TABLES;

--
-- Table structure for table `auth_permission`
--

DROP TABLE IF EXISTS `auth_permission`;
/*!40101 SET @saved_cs_client     = @@character_set_client */;
/*!50503 SET character_set_client = utf8mb4 */;
CREATE TABLE `auth_permission` (
  `id` int NOT NULL AUTO_INCREMENT,
  `name` varchar(255) NOT NULL,
  `content_type_id` int NOT NULL,
  `codename` varchar(100) NOT NULL,
  PRIMARY KEY (`id`),
  UNIQUE KEY `content_type_id` (`content_type_id`,`codename`),
  CONSTRAINT `auth_permission_ibfk_1` FOREIGN KEY (`content_type_id`) REFERENCES `django_content_type` (`id`)
) ENGINE=InnoDB AUTO_INCREMENT=41 DEFAULT CHARSET=utf8mb3;
/*!40101 SET character_set_client = @saved_cs_client */;

--
-- Dumping data for table `auth_permission`
--

LOCK TABLES `auth_permission` WRITE;
/*!40000 ALTER TABLE `auth_permission` DISABLE KEYS */;
INSERT INTO `auth_permission` VALUES (1,'Can add log entry',1,'add_logentry'),(2,'Can change log entry',1,'change_logentry'),(3,'Can delete log entry',1,'delete_logentry'),(4,'Can view log entry',1,'view_logentry'),(5,'Can add permission',2,'add_permission'),(6,'Can change permission',2,'change_permission'),(7,'Can delete permission',2,'delete_permission'),(8,'Can view permission',2,'view_permission'),(9,'Can add group',3,'add_group'),(10,'Can change group',3,'change_group'),(11,'Can delete group',3,'delete_group'),(12,'Can view group',3,'view_group'),(13,'Can add user',4,'add_user'),(14,'Can change user',4,'change_user'),(15,'Can delete user',4,'delete_user'),(16,'Can view user',4,'view_user'),(17,'Can add content type',5,'add_contenttype'),(18,'Can change content type',5,'change_contenttype'),(19,'Can delete content type',5,'delete_contenttype'),(20,'Can view content type',5,'view_contenttype'),(21,'Can add session',6,'add_session'),(22,'Can change session',6,'change_session'),(23,'Can delete session',6,'delete_session'),(24,'Can view session',6,'view_session'),(25,'Can add cartoon character',7,'add_cartooncharacter'),(26,'Can change cartoon character',7,'change_cartooncharacter'),(27,'Can delete cartoon character',7,'delete_cartooncharacter'),(28,'Can view cartoon character',7,'view_cartooncharacter'),(29,'Can add cartoon suggestion',8,'add_cartoonsuggestion'),(30,'Can change cartoon suggestion',8,'change_cartoonsuggestion'),(31,'Can delete cartoon suggestion',8,'delete_cartoonsuggestion'),(32,'Can view cartoon suggestion',8,'view_cartoonsuggestion'),(33,'Can add show',9,'add_show'),(34,'Can change show',9,'change_show'),(35,'Can delete show',9,'delete_show'),(36,'Can view show',9,'view_show'),(37,'Can add user preference',10,'add_userpreference'),(38,'Can change user preference',10,'change_userpreference'),(39,'Can delete user preference',10,'delete_userpreference'),(40,'Can view user preference',10,'view_userpreference');
/*!40000 ALTER TABLE `auth_permission` ENABLE KEYS */;
UNLOCK TABLES;

--
-- Table structure for table `auth_user`
--

DROP TABLE IF EXISTS `auth_user`;
/*!40101 SET @saved_cs_client     = @@character_set_client */;
/*!50503 SET character_set_client = utf8mb4 */;
CREATE TABLE `auth_user` (
  `id` int NOT NULL AUTO_INCREMENT,
  `password` varchar(128) NOT NULL,
  `last_login` datetime DEFAULT NULL,
  `is_superuser` tinyint(1) NOT NULL,
  `username` varchar(150) NOT NULL,
  `first_name` varchar(150) NOT NULL,
  `last_name` varchar(150) NOT NULL,
  `email` varchar(254) NOT NULL,
  `is_staff` tinyint(1) NOT NULL,
  `is_active` tinyint(1) NOT NULL,
  `date_joined` datetime NOT NULL,
  PRIMARY KEY (`id`),
  UNIQUE KEY `username` (`username`)
) ENGINE=InnoDB AUTO_INCREMENT=3 DEFAULT CHARSET=utf8mb3;
/*!40101 SET character_set_client = @saved_cs_client */;

--
-- Dumping data for table `auth_user`
--

LOCK TABLES `auth_user` WRITE;
/*!40000 ALTER TABLE `auth_user` DISABLE KEYS */;
INSERT INTO `auth_user` VALUES (1,'pbkdf2_sha256$870000$Y380T3bTRgpfagsixH1soK$6eOu/4P7W9zbiIjGeREAHPNNEKFhpjbSbQIBFvD3nrI=','2025-03-01 19:13:05',1,'beee','','','jaydenfisher46176@gmail.com',1,1,'2025-02-27 08:22:43'),(2,'pbkdf2_sha256$870000$DIXfH1Vp60bzAlrquW8CH5$8+oD6HOn6g1z8NhQHA0cjwlGwpE2G+cy93N/4OaFd5U=','2025-02-28 17:47:37',0,'test','','','',0,1,'2025-02-28 17:29:41');
/*!40000 ALTER TABLE `auth_user` ENABLE KEYS */;
UNLOCK TABLES;

--
-- Table structure for table `auth_user_groups`
--

DROP TABLE IF EXISTS `auth_user_groups`;
/*!40101 SET @saved_cs_client     = @@character_set_client */;
/*!50503 SET character_set_client = utf8mb4 */;
CREATE TABLE `auth_user_groups` (
  `id` bigint NOT NULL AUTO_INCREMENT,
  `user_id` int NOT NULL,
  `group_id` int NOT NULL,
  PRIMARY KEY (`id`),
  UNIQUE KEY `user_id` (`user_id`,`group_id`),
  KEY `group_id` (`group_id`),
  CONSTRAINT `auth_user_groups_ibfk_1` FOREIGN KEY (`user_id`) REFERENCES `auth_user` (`id`),
  CONSTRAINT `auth_user_groups_ibfk_2` FOREIGN KEY (`group_id`) REFERENCES `auth_group` (`id`)
) ENGINE=InnoDB DEFAULT CHARSET=utf8mb3;
/*!40101 SET character_set_client = @saved_cs_client */;

--
-- Dumping data for table `auth_user_groups`
--

LOCK TABLES `auth_user_groups` WRITE;
/*!40000 ALTER TABLE `auth_user_groups` DISABLE KEYS */;
/*!40000 ALTER TABLE `auth_user_groups` ENABLE KEYS */;
UNLOCK TABLES;

--
-- Table structure for table `auth_user_user_permissions`
--

DROP TABLE IF EXISTS `auth_user_user_permissions`;
/*!40101 SET @saved_cs_client     = @@character_set_client */;
/*!50503 SET character_set_client = utf8mb4 */;
CREATE TABLE `auth_user_user_permissions` (
  `id` bigint NOT NULL AUTO_INCREMENT,
  `user_id` int NOT NULL,
  `permission_id` int NOT NULL,
  PRIMARY KEY (`id`),
  UNIQUE KEY `user_id` (`user_id`,`permission_id`),
  KEY `permission_id` (`permission_id`),
  CONSTRAINT `auth_user_user_permissions_ibfk_1` FOREIGN KEY (`user_id`) REFERENCES `auth_user` (`id`),
  CONSTRAINT `auth_user_user_permissions_ibfk_2` FOREIGN KEY (`permission_id`) REFERENCES `auth_permission` (`id`)
) ENGINE=InnoDB DEFAULT CHARSET=utf8mb3;
/*!40101 SET character_set_client = @saved_cs_client */;

--
-- Dumping data for table `auth_user_user_permissions`
--

LOCK TABLES `auth_user_user_permissions` WRITE;
/*!40000 ALTER TABLE `auth_user_user_permissions` DISABLE KEYS */;
/*!40000 ALTER TABLE `auth_user_user_permissions` ENABLE KEYS */;
UNLOCK TABLES;

--
-- Table structure for table `django_admin_log`
--

DROP TABLE IF EXISTS `django_admin_log`;
/*!40101 SET @saved_cs_client     = @@character_set_client */;
/*!50503 SET character_set_client = utf8mb4 */;
CREATE TABLE `django_admin_log` (
  `id` int NOT NULL AUTO_INCREMENT,
  `action_time` datetime NOT NULL,
  `object_id` text,
  `object_repr` varchar(200) NOT NULL,
  `action_flag` smallint NOT NULL,
  `change_message` text NOT NULL,
  `content_type_id` int DEFAULT NULL,
  `user_id` int NOT NULL,
  PRIMARY KEY (`id`),
  KEY `content_type_id` (`content_type_id`),
  KEY `user_id` (`user_id`),
  CONSTRAINT `django_admin_log_ibfk_1` FOREIGN KEY (`content_type_id`) REFERENCES `django_content_type` (`id`),
  CONSTRAINT `django_admin_log_ibfk_2` FOREIGN KEY (`user_id`) REFERENCES `auth_user` (`id`),
  CONSTRAINT `django_admin_log_action_flag_check` CHECK ((`action_flag` >= 0))
) ENGINE=InnoDB AUTO_INCREMENT=98 DEFAULT CHARSET=utf8mb3;
/*!40101 SET character_set_client = @saved_cs_client */;

--
-- Dumping data for table `django_admin_log`
--

LOCK TABLES `django_admin_log` WRITE;
/*!40000 ALTER TABLE `django_admin_log` DISABLE KEYS */;
INSERT INTO `django_admin_log` VALUES (1,'2025-02-27 09:08:32','1','test',3,'',8,1),(2,'2025-02-27 10:00:36','305','Caillou (Caillou)',2,'[{\"changed\": {\"fields\": [\"Image url\"]}}]',7,1),(3,'2025-02-27 10:06:57','305','Caillou (Caillou)',2,'[{\"changed\": {\"fields\": [\"Image url\"]}}]',7,1),(4,'2025-02-27 12:59:24','323','Peck (Back at the Barnyard)',1,'[{\"added\": {}}]',7,1),(5,'2025-02-27 13:00:28','324','Freddy (Back at the Barnyard)',1,'[{\"added\": {}}]',7,1),(6,'2025-02-27 13:01:33','325','Snotty Boy (Back at the Barnyard)',1,'[{\"added\": {}}]',7,1),(7,'2025-02-27 13:04:48','326','Jay Bilzerian (Big Mouth)',1,'[{\"added\": {}}]',7,1),(8,'2025-02-27 13:05:47','327','Lola Skumpy (Big Mouth)',1,'[{\"added\": {}}]',7,1),(9,'2025-02-27 13:06:28','328','Maury Beverly (Big Mouth)',1,'[{\"added\": {}}]',7,1),(10,'2025-02-27 13:08:30','329','Mr. Salt (Blue\'s Clues)',1,'[{\"added\": {}}]',7,1),(11,'2025-02-27 13:09:05','330','Mrs. Pepper (Blue\'s Clues)',1,'[{\"added\": {}}]',7,1),(12,'2025-02-27 13:10:47','331','Bandit (Bluey)',1,'[{\"added\": {}}]',7,1),(13,'2025-02-27 13:11:53','332','Chilli (Bluey)',1,'[{\"added\": {}}]',7,1),(14,'2025-02-27 13:12:34','333','Muffin (Bluey)',1,'[{\"added\": {}}]',7,1),(15,'2025-02-27 13:14:58','334','Nigel Uno (Numbuh 1) (Codename Kids Next Door)',1,'[{\"added\": {}}]',7,1),(16,'2025-02-27 13:16:11','335','Dukey (Johnny Test)',1,'[{\"added\": {}}]',7,1),(17,'2025-02-27 13:17:18','336','Jumba Jookiba (Lilo & Stitch)',1,'[{\"added\": {}}]',7,1),(18,'2025-02-27 13:18:08','337','Pleakley (Lilo & Stitch)',1,'[{\"added\": {}}]',7,1),(19,'2025-02-27 13:18:11','337','Pleakley (Lilo & Stitch)',2,'[]',7,1),(20,'2025-02-27 13:19:22','338','June (Little Einsteins)',1,'[{\"added\": {}}]',7,1),(21,'2025-02-27 13:56:15','2','test',3,'',8,1),(22,'2025-02-27 18:36:14','339','Wile E. Coyote (Looney Tunes)',1,'[{\"added\": {}}]',7,1),(23,'2025-02-27 18:37:16','340','Road Runner (Looney Tunes)',1,'[{\"added\": {}}]',7,1),(24,'2025-02-27 18:37:50','341','Speedy Gonzales (Looney Tunes)',1,'[{\"added\": {}}]',7,1),(25,'2025-02-27 18:38:53','342','Max Bunny (Max & Ruby)',1,'[{\"added\": {}}]',7,1),(26,'2025-02-27 18:41:08','343','Dr. Nora Wakeman (My Life as a Teenage Robot)',1,'[{\"added\": {}}]',7,1),(27,'2025-02-27 18:42:11','344','Brad Carbunkle (My Life as a Teenage Robot)',1,'[{\"added\": {}}]',7,1),(28,'2025-02-27 18:42:55','345','Tuck Carbunkle (My Life as a Teenage Robot)',1,'[{\"added\": {}}]',7,1),(29,'2025-02-27 18:44:51','346','Peppermint Patty (Peanuts)',1,'[{\"added\": {}}]',7,1),(30,'2025-02-27 18:45:33','347','Woodstock (Peanuts)',1,'[{\"added\": {}}]',7,1),(31,'2025-02-27 18:46:33','348','Dr. Heinz Doofenshmirtz (Phineas and Ferb)',1,'[{\"added\": {}}]',7,1),(32,'2025-02-27 18:47:35','280','Inspector Clouseau (Pink Panther)',2,'[{\"changed\": {\"fields\": [\"Image url\"]}}]',7,1),(33,'2025-02-27 18:48:22','74','Evil Morty (Rick and Morty)',3,'',7,1),(34,'2025-02-27 18:48:22','73','Tammy (Rick and Morty)',3,'',7,1),(35,'2025-02-27 18:48:22','72','Birdperson (Rick and Morty)',3,'',7,1),(36,'2025-02-27 18:50:50','349','Mrs. Turner (The Fairly OddParents)',1,'[{\"added\": {}}]',7,1),(37,'2025-02-27 18:52:03','350','King Julien (The Penguins of Madagascar)',1,'[{\"added\": {}}]',7,1),(38,'2025-02-27 18:52:45','351','Mort (The Penguins of Madagascar)',1,'[{\"added\": {}}]',7,1),(39,'2025-02-27 18:53:19','352','Maurice (The Penguins of Madagascar)',1,'[{\"added\": {}}]',7,1),(40,'2025-02-27 19:33:44','373','Arthur Read (Arthur)',2,'[{\"changed\": {\"fields\": [\"Image url\"]}}]',7,1),(41,'2025-02-27 19:34:30','376','Lazlo (Camp Lazlo)',2,'[{\"changed\": {\"fields\": [\"Image url\"]}}]',7,1),(42,'2025-02-27 19:35:45','406','Lumpus (Camp Lazlo)',1,'[{\"added\": {}}]',7,1),(43,'2025-02-27 19:36:33','407','Clam (Camp Lazlo)',1,'[{\"added\": {}}]',7,1),(44,'2025-02-27 19:37:13','364','Chowder (Chowder)',2,'[{\"changed\": {\"fields\": [\"Image url\"]}}]',7,1),(45,'2025-02-27 19:37:26','365','Mung Daal (Chowder)',2,'[{\"changed\": {\"fields\": [\"Image url\"]}}]',7,1),(46,'2025-02-27 19:37:41','366','Shnitzel (Chowder)',2,'[{\"changed\": {\"fields\": [\"Image url\"]}}]',7,1),(47,'2025-02-27 19:38:32','408','Panini (Chowder)',1,'[{\"added\": {}}]',7,1),(48,'2025-02-27 19:38:58','409','Truffles (Chowder)',1,'[{\"added\": {}}]',7,1),(49,'2025-02-27 19:40:03','380','Vanessa (Generator Rex)',3,'',7,1),(50,'2025-02-27 19:41:01','359','Kick Buttowski (Kick Buttowski: Suburban Daredevil)',2,'[{\"changed\": {\"fields\": [\"Image url\"]}}]',7,1),(51,'2025-02-27 19:42:02','410','Brianna Buttowski (Kick Buttowski: Suburban Daredevil)',1,'[{\"added\": {}}]',7,1),(52,'2025-02-27 19:42:29','411','Kendall Perkins (Kick Buttowski: Suburban Daredevil)',1,'[{\"added\": {}}]',7,1),(53,'2025-02-27 19:42:55','412','Brad Buttowski (Kick Buttowski: Suburban Daredevil)',1,'[{\"added\": {}}]',7,1),(54,'2025-02-27 19:43:46','372','Bobby Hill (King of the Hill)',2,'[{\"changed\": {\"fields\": [\"Image url\"]}}]',7,1),(55,'2025-02-27 19:44:06','371','Peggy Hill (King of the Hill)',2,'[{\"changed\": {\"fields\": [\"Image url\"]}}]',7,1),(56,'2025-02-27 19:44:24','370','Hank Hill (King of the Hill)',2,'[{\"changed\": {\"fields\": [\"Image url\"]}}]',7,1),(57,'2025-02-27 19:45:50','413','Jeff Boomhauer (King of the Hill)',1,'[{\"added\": {}}]',7,1),(58,'2025-02-27 19:46:22','414','Luanne Platter (King of the Hill)',1,'[{\"added\": {}}]',7,1),(59,'2025-02-27 19:46:58','415','Dale Gribble (King of the Hill)',1,'[{\"added\": {}}]',7,1),(60,'2025-02-27 19:48:06','416','Bill Dauterive (King of the Hill)',1,'[{\"added\": {}}]',7,1),(61,'2025-02-27 19:50:11','417','Jake Spidermonkey (My Gym Partner\'s a Monkey)',1,'[{\"added\": {}}]',7,1),(62,'2025-02-27 19:51:12','418','Bull Sharkowski (My Gym Partner\'s a Monkey)',1,'[{\"added\": {}}]',7,1),(63,'2025-02-27 19:51:48','419','Principal Pixiefrog (My Gym Partner\'s a Monkey)',1,'[{\"added\": {}}]',7,1),(64,'2025-02-27 19:54:04','420','Aku (Samurai Jack)',1,'[{\"added\": {}}]',7,1),(65,'2025-02-27 19:54:49','385','Steven Universe (Steven Universe)',2,'[{\"changed\": {\"fields\": [\"Image url\"]}}]',7,1),(66,'2025-02-27 19:57:42','10','Ruby Bunny (Max & Ruby)',2,'[{\"changed\": {\"fields\": [\"Name\"]}}]',7,1),(67,'2025-02-27 19:57:48','342','Max Bunny (Max & Ruby)',2,'[{\"changed\": {\"fields\": [\"Name\"]}}]',7,1),(68,'2025-02-27 19:57:52','421','Ruby (Steven Universe)',1,'[{\"added\": {}}]',7,1),(69,'2025-02-27 19:58:56','422','Sapphire (Steven Universe)',1,'[{\"added\": {}}]',7,1),(70,'2025-02-27 19:59:43','423','Pearl (Steven Universe)',1,'[{\"added\": {}}]',7,1),(71,'2025-02-27 20:00:30','384','Octus (Sym-Bionic Titan)',2,'[{\"changed\": {\"fields\": [\"Image url\"]}}]',7,1),(72,'2025-02-27 20:00:50','382','Ilana (Sym-Bionic Titan)',2,'[{\"changed\": {\"fields\": [\"Image url\"]}}]',7,1),(73,'2025-02-27 20:01:39','367','Huey Freeman (The Boondocks)',2,'[{\"changed\": {\"fields\": [\"Image url\"]}}]',7,1),(74,'2025-02-27 20:01:56','368','Riley Freeman (The Boondocks)',2,'[{\"changed\": {\"fields\": [\"Image url\"]}}]',7,1),(75,'2025-02-27 20:02:19','369','Robert \'Granddad\' Freeman (The Boondocks)',2,'[{\"changed\": {\"fields\": [\"Image url\"]}}]',7,1),(76,'2025-02-27 20:04:48','424','Suga Mama Proud (The Proud Family)',1,'[{\"added\": {}}]',7,1),(77,'2025-02-27 20:05:55','425','BeBe Proud (The Proud Family)',1,'[{\"added\": {}}]',7,1),(78,'2025-02-27 20:06:34','426','CeCe Proud (The Proud Family)',1,'[{\"added\": {}}]',7,1),(79,'2025-02-27 20:11:39','427','Marianne Thornberry (The Wild Thornberrys)',1,'[{\"added\": {}}]',7,1),(80,'2025-02-27 20:12:11','428','Donnie Thornberry (The Wild Thornberrys)',1,'[{\"added\": {}}]',7,1),(81,'2025-02-27 20:12:40','429','Darwin Thornberry (The Wild Thornberrys)',1,'[{\"added\": {}}]',7,1),(82,'2025-02-27 20:13:01','430','Debbie Thornberry (The Wild Thornberrys)',1,'[{\"added\": {}}]',7,1),(83,'2025-02-27 20:14:50','431','Courtney (Total Drama Island)',1,'[{\"added\": {}}]',7,1),(84,'2025-02-27 20:15:18','432','Heather (Total Drama Island)',1,'[{\"added\": {}}]',7,1),(85,'2025-02-27 20:16:01','433','Owen (Total Drama Island)',1,'[{\"added\": {}}]',7,1),(86,'2025-02-27 20:16:26','434','Izzy (Total Drama Island)',1,'[{\"added\": {}}]',7,1),(87,'2025-02-27 20:18:15','435','Cody (Total Drama Island)',1,'[{\"added\": {}}]',7,1),(88,'2025-02-27 20:18:39','436','Leshawna (Total Drama Island)',1,'[{\"added\": {}}]',7,1),(89,'2025-02-27 20:19:15','398','Uncle Grandpa (Uncle Grandpa)',2,'[{\"changed\": {\"fields\": [\"Image url\"]}}]',7,1),(90,'2025-02-27 20:20:07','437','Mr. Gus (Uncle Grandpa)',1,'[{\"added\": {}}]',7,1),(91,'2025-02-27 20:20:53','438','Giant Realistic Flying Tiger (Uncle Grandpa)',1,'[{\"added\": {}}]',7,1),(92,'2025-02-28 18:14:21','3','test',3,'',8,1),(93,'2025-02-28 18:29:34','439','Roger',1,'[{\"added\": {}}]',7,1),(94,'2025-02-28 22:36:45','85','The Ren & Stimpy Show',1,'[{\"added\": {}}]',9,1),(95,'2025-02-28 22:38:12','440','Stimpson J. Cat',1,'[{\"added\": {}}]',7,1),(96,'2025-02-28 22:39:29','441','Ren Höek',1,'[{\"added\": {}}]',7,1),(97,'2025-02-28 22:40:12','442','Powdered Toast Man',1,'[{\"added\": {}}]',7,1);
/*!40000 ALTER TABLE `django_admin_log` ENABLE KEYS */;
UNLOCK TABLES;

--
-- Table structure for table `django_content_type`
--

DROP TABLE IF EXISTS `django_content_type`;
/*!40101 SET @saved_cs_client     = @@character_set_client */;
/*!50503 SET character_set_client = utf8mb4 */;
CREATE TABLE `django_content_type` (
  `id` int NOT NULL AUTO_INCREMENT,
  `app_label` varchar(100) NOT NULL,
  `model` varchar(100) NOT NULL,
  PRIMARY KEY (`id`),
  UNIQUE KEY `app_label` (`app_label`,`model`)
) ENGINE=InnoDB AUTO_INCREMENT=11 DEFAULT CHARSET=utf8mb3;
/*!40101 SET character_set_client = @saved_cs_client */;

--
-- Dumping data for table `django_content_type`
--

LOCK TABLES `django_content_type` WRITE;
/*!40000 ALTER TABLE `django_content_type` DISABLE KEYS */;
INSERT INTO `django_content_type` VALUES (1,'admin','logentry'),(3,'auth','group'),(2,'auth','permission'),(4,'auth','user'),(5,'contenttypes','contenttype'),(7,'game','cartooncharacter'),(8,'game','cartoonsuggestion'),(9,'game','show'),(10,'game','userpreference'),(6,'sessions','session');
/*!40000 ALTER TABLE `django_content_type` ENABLE KEYS */;
UNLOCK TABLES;

--
-- Table structure for table `django_migrations`
--

DROP TABLE IF EXISTS `django_migrations`;
/*!40101 SET @saved_cs_client     = @@character_set_client */;
/*!50503 SET character_set_client = utf8mb4 */;
CREATE TABLE `django_migrations` (
  `id` bigint NOT NULL AUTO_INCREMENT,
  `app` varchar(255) NOT NULL,
  `name` varchar(255) NOT NULL,
  `applied` datetime NOT NULL,
  PRIMARY KEY (`id`)
) ENGINE=InnoDB AUTO_INCREMENT=26 DEFAULT CHARSET=utf8mb3;
/*!40101 SET character_set_client = @saved_cs_client */;

--
-- Dumping data for table `django_migrations`
--

LOCK TABLES `django_migrations` WRITE;
/*!40000 ALTER TABLE `django_migrations` DISABLE KEYS */;
INSERT INTO `django_migrations` VALUES (1,'contenttypes','0001_initial','2025-02-27 08:01:40'),(2,'auth','0001_initial','2025-02-27 08:01:41'),(3,'admin','0001_initial','2025-02-27 08:01:41'),(4,'admin','0002_logentry_remove_auto_add','2025-02-27 08:01:41'),(5,'admin','0003_logentry_add_action_flag_choices','2025-02-27 08:01:41'),(6,'contenttypes','0002_remove_content_type_name','2025-02-27 08:01:41'),(7,'auth','0002_alter_permission_name_max_length','2025-02-27 08:01:41'),(8,'auth','0003_alter_user_email_max_length','2025-02-27 08:01:41'),(9,'auth','0004_alter_user_username_opts','2025-02-27 08:01:41'),(10,'auth','0005_alter_user_last_login_null','2025-02-27 08:01:41'),(11,'auth','0006_require_contenttypes_0002','2025-02-27 08:01:41'),(12,'auth','0007_alter_validators_add_error_messages','2025-02-27 08:01:41'),(13,'auth','0008_alter_user_username_max_length','2025-02-27 08:01:41'),(14,'auth','0009_alter_user_last_name_max_length','2025-02-27 08:01:41'),(15,'auth','0010_alter_group_name_max_length','2025-02-27 08:01:41'),(16,'auth','0011_update_proxy_permissions','2025-02-27 08:01:41'),(17,'auth','0012_alter_user_first_name_max_length','2025-02-27 08:01:41'),(18,'game','0001_initial','2025-02-27 08:01:41'),(19,'game','0002_cartooncharacter_image_url','2025-02-27 08:01:41'),(20,'game','0003_cartoonsuggestion','2025-02-27 08:01:41'),(21,'sessions','0001_initial','2025-02-27 08:01:41'),(22,'game','0004_alter_cartooncharacter_image_url','2025-02-27 09:56:58'),(23,'game','0002_add_preferences','2025-02-28 00:39:13'),(24,'game','0003_alter_cartooncharacter_id_and_more','2025-02-28 01:06:46'),(25,'game','0004_alter_cartooncharacter_name_alter_show_name','2025-02-28 18:11:12');
/*!40000 ALTER TABLE `django_migrations` ENABLE KEYS */;
UNLOCK TABLES;

--
-- Table structure for table `django_session`
--

DROP TABLE IF EXISTS `django_session`;
/*!40101 SET @saved_cs_client     = @@character_set_client */;
/*!50503 SET character_set_client = utf8mb4 */;
CREATE TABLE `django_session` (
  `session_key` varchar(40) NOT NULL,
  `session_data` text NOT NULL,
  `expire_date` datetime NOT NULL,
  PRIMARY KEY (`session_key`)
) ENGINE=InnoDB DEFAULT CHARSET=utf8mb3;
/*!40101 SET character_set_client = @saved_cs_client */;

--
-- Dumping data for table `django_session`
--

LOCK TABLES `django_session` WRITE;
/*!40000 ALTER TABLE `django_session` DISABLE KEYS */;
INSERT INTO `django_session` VALUES ('3bpcl8bwmpue19w9omktw5il1fxz1oqb','eyJsYXN0X21vZGUiOiJkYWlseSJ9:1tncO7:RNPlANijb2Yuqs72qIDfXiQIcg6d4C5uYiH8Qn4rwoA','2025-03-13 11:49:11'),('4txhqfwd4q15q9hvveir5s0071t7y7yu','eyJsYXN0X21vZGUiOiJkYWlseSJ9:1tncF1:re1XbqzeciyNONlFmHT4PS2YRkoAOc_57WxeW4NnrEI','2025-03-13 11:39:47'),('52k9umgyw3cei5rk1wue879kjwcs0dvd','.eJxljr1uhDAQhN9la0DGv0CZMlKeIIqs9do-uCMgYVNE0b37mYQi0ZU73-zMfIPHaf6yNOKGlMNmJw9D2-vqCXjMAQbgjKuaiZq1UMGMKdvP1R_gx1-0yx5SCqn-vYd3eMVbgI8KLO55tHs6S-AI-KM5pFtYDuCvuFzWhtYlb5NrDktz0tS8lbb55fT-CxgxjeVbE1eBSMZOGV_WOqZ4NMaw0EUXiyw704s-KkNGipYLlD0JLzUpHbWTcH8AdMlaAQ:1toSQ3:ztphU0KOyMXmStgjmU6hYSzkXywEmf0R-c68uj2quQg','2025-03-15 19:22:40'),('5ntx4931yx1cog4fqvfazo5hnkjudu4r','.eJyrVkpJzMypjE_OSCxKTC5JLYrPTFGyMrQ008GQSEksSVWyUjIyMDLVNTDWNTBU0lHKSSwuic_NTwFJgNUr1QIAjq8bDA:1toSfE:V47kFsRFyMwxytgZeVkldL_N2nCyGN_vUpkIeSSsxXY','2025-03-15 19:38:21'),('6j5edvn8zaq6kk63sto9ghgm4uhywtgb','eyJsYXN0X21vZGUiOiJkYWlseSJ9:1tnafT:4UrohQy9AKEui-Nz6-bpmASpQo4yD8p1ynHl6RZziMo','2025-03-13 09:58:59'),('9mizt4brg3j5jeped2gljp3xg7yr06fb','eyJsYXN0X21vZGUiOiJkYWlseSJ9:1tnjYC:41eHFBPvxuFBVz549y0tqpphfLXh0RIi_Q3yKU-fUEo','2025-03-13 19:28:04'),('a1vww7l97k1z7p4en0hg2op8vx8caoll','eyJsYXN0X21vZGUiOiJkYWlseSJ9:1tnbfc:zIy1fpd5wRlvY9fkYRLvWqKdmZ87BamAsYvKsWhYSYw','2025-03-13 11:03:12'),('acmvt6snt8rvadwtil4b3hswfmy8u2a6','eyJsYXN0X21vZGUiOiJkYWlseSJ9:1tnh3N:31S08CQr2l0_YHo_kDsLNm0rfkeDBoJgvowaelcaAXA','2025-03-13 16:48:05'),('awebowdhzu0z1bkpujdfpx52qtciq74f','eyJsYXN0X21vZGUiOiJkYWlseSJ9:1tnbiT:bpr9ndHz3hKCIPhPoknGxHQJipK9wsVv-8PpZZEvj1M','2025-03-13 11:06:09'),('dkqygjhfehbm13wr10znb9h2c6zthq6z','eyJsYXN0X21vZGUiOiJkYWlseSJ9:1tnbts:ooMK976Cp6b3ZeMWEQYI-lwZCmR0FI8Zfd8Eu7TN3Oo','2025-03-13 11:17:56'),('dtjdqvlunmh3yw2ajfpd8pfw7a5jssoh','eyJsYXN0X21vZGUiOiJkYWlseSJ9:1tnboP:h4ftcSMT_JExf9nLCKlhld33k-6fh2qSAwKRveoLeKQ','2025-03-13 11:12:17'),('e8rblhtxg5bo7z1k2l3973b02fmktm31','eyJsYXN0X21vZGUiOiJkYWlseSJ9:1tncIX:EWNWWhxZNiagWf6pmGa5ytsN9HVGAFAHbu05TXzq4NA','2025-03-13 11:43:25'),('g6grh1ambk4xycoz1looygh43oj94nob','eyJsYXN0X21vZGUiOiJkYWlseSJ9:1tncD1:IkcL7dEQr--QvYZSqsdGrk2knfz5-i31R2U5_cR5Ye4','2025-03-13 11:37:43'),('hcxstbzlz1a9qcvmw95weega3h55lbhf','eyJsYXN0X21vZGUiOiJkYWlseSJ9:1tncVa:VAWlmSIGn0_7g_O6vQQYb3aR8YXAhPoeq-4IGKiOC48','2025-03-13 11:56:54'),('hkaoo7wmhchdblt0sn2s0taxtkhszzhe','eyJsYXN0X21vZGUiOiJkYWlseSJ9:1tncAs:QbG0NRIJOJDFN8QcauiD4FA4qkP82OrDElEqIQk_-3I','2025-03-13 11:35:30'),('idvi5fayf2srkcrsm423wanwesl9rog1','eyJsYXN0X21vZGUiOiJkYWlseSJ9:1tneJT:ub0SnLjhDU5aR1O0DacCm-QmsKSGw0q4jwdvMecGMwc','2025-03-13 13:52:31'),('j9er1gwqape1nsq98d6vs18230e62djx','eyJsYXN0X21vZGUiOiJkYWlseSJ9:1tncVN:lhY0AdHOYkmHbZlnSsoZc9ik5ifJxDpIx2z0A9zO1GU','2025-03-13 11:56:41'),('jr8obwmo2ie2feavexpx37xlk4j5vu4e','eyJsYXN0X21vZGUiOiJkYWlseSJ9:1tnZBc:QPmv8gHz2U_7wbfKiEW33O_r409OzqN51QqHQts3nzA','2025-03-13 08:24:04'),('kfmx75bnoixmw350bhodmlhzuinq61mh','eyJsYXN0X21vZGUiOiJkYWlseSJ9:1tnbiT:bpr9ndHz3hKCIPhPoknGxHQJipK9wsVv-8PpZZEvj1M','2025-03-13 11:06:09'),('l85d6p7oulwb34r18oxlzy61qjhcxbvn','eyJsYXN0X21vZGUiOiJkYWlseSJ9:1tncIX:EWNWWhxZNiagWf6pmGa5ytsN9HVGAFAHbu05TXzq4NA','2025-03-13 11:43:25'),('lwqyfylbznjnaknfbawdzy7bnrxolao6','eyJsYXN0X21vZGUiOiJkYWlseSJ9:1tnZZS:X_h0a9ZTw9lf_hJqB_FUWmvAouRu8PjTlE154z7Jw8g','2025-03-13 08:48:42'),('mi9us2d4jejzo1921nkq85syv16l7e3e','.eJwtjt0OAUEMRl-lmWs8wN6xFgkSscKFiHRtl4mZjsxPGOLdzeCiyWnPl7YvodD5ozYtiUK0KFUUPXEO5By5_q8v9qKy8gQlWq-Rk19aN4BV6LrEYyJIlaiU3EbYGuvpkUOSWRIsTXDZTu_EsCHm6EzeMSLvI6xD06isJxb5KjOtjMl7K51uQ6XkExvylzRZGIVQX4O-5R_n6NFigjpoTRZqLb-poY6wM3xOOMOoKP7N4f0B_bNNng:1tnehw:ZNBISd8ejN4QRdBg0wdnNBMMWvCkdkH3B10qbgZmIzo','2025-03-13 14:17:48'),('mitjpuf0dmbsinyzri0rjp54g8w033rr','eyJsYXN0X21vZGUiOiJkYWlseSJ9:1tncO5:z3y9zi7GwKIP9IeSDfV1s-JZXoVASXXO2OMeB_fbKNA','2025-03-13 11:49:09'),('og0c2why0gm0aealkhhnr1tb46pi3clw','eyJsYXN0X21vZGUiOiJkYWlseSJ9:1tnZne:P_XeLGYlJExtfkQgjhPvPjxGCo36onRq7sMlsSajd3g','2025-03-13 09:03:22'),('okcwmpjjowv7wzuobuhl4chphpork5ke','eyJsYXN0X21vZGUiOiJkYWlseSJ9:1tncF1:re1XbqzeciyNONlFmHT4PS2YRkoAOc_57WxeW4NnrEI','2025-03-13 11:39:47'),('os4us2bq419ekudu18h5801xtadwf4xd','.eJyrVkpJzMypjE_OSCxKTC5JLYrPTFGyMrQ008GQSEksSVWyUjIyMDLVNTDWNTBU0lHKSSwuic_NTwFJgNUr1QIAjq8bDA:1toSSo:SmGdmLdXWc9apN88DOoQbIaaTSWvArAqE4lpOT7K3js','2025-03-15 19:25:30'),('r9ugllessuc8tbchvycl7lbhwiskoaxh','eyJsYXN0X21vZGUiOiJkYWlseSJ9:1tnbtM:W9AOFESvZCyrhJ1lENFXIZN65yBpQeTeZg7NBu3jNAk','2025-03-13 11:17:24'),('sodnvtuln9ota9nmtv867195oybhpxhg','eyJsYXN0X21vZGUiOiJkYWlseSJ9:1tncD1:IkcL7dEQr--QvYZSqsdGrk2knfz5-i31R2U5_cR5Ye4','2025-03-13 11:37:43'),('sp1btvtghn1zmiphmqysqltlq8muh1me','eyJsYXN0X21vZGUiOiJkYWlseSJ9:1tnflV:RiVjLuzi7EdRQ5Ld_25LzPAw6N08rrE-xvpIgyjBFCs','2025-03-13 15:25:33'),('stp00hhegjpb0da4gmnd1vtyvcygx88k','eyJsYXN0X21vZGUiOiJkYWlseSJ9:1tnbqf:EWGbMUFpYYIzC7aQh3p307XJHf3Vdk2lhR6okbobmLI','2025-03-13 11:14:37'),('tbavlawlfpm26623dlniwyvl8izhizxb','eyJsYXN0X21vZGUiOiJkYWlseSJ9:1tnYrq:fFErLY6FXiYP_O1BsKiZOOqzRPtooL-D5Thsbi7dfHU','2025-03-13 08:03:38'),('u1hr6in27jk3r5w2uctpmp400okwi3kc','eyJsYXN0X21vZGUiOiJkYWlseSJ9:1tndZy:faUFKS_G5RAHVNsBUx_ALXdohPXCmyYXVXkX94IbQUA','2025-03-13 13:05:30'),('u32urve745hqft6ntcyrqtppf2iu0od6','.eJxVj01rAjEQhv9KyVkX45ps9ajnQsGjSJhMJrtpY9Lm41CK_91sK7Tehvd552Hmm3nIRV2iIbZjBpz_YgumoJZJ1UxJOdNy_phpwHcKMzBvEMbYYQwlOd3Nle5Oc_fSpH5_7z4IJsjTvI1oNW0QDAEZ4noLIKztn1dCGo6D0FZwg70WYr1qSIoNSiOlGLjmFrZNOlbKmfLy9_LdiR3a4GNt6PgRw0j7qJ-OnxUSvUIomZ0XDGtKFIrCCRJg-XlyWYN3F1eofcX74U_8Lz-drzfWf2gw:1tnkNU:wICxJP2xXRnmFMnEswgpsm9K_zjByFvGHZc_xdLqHaU','2025-03-13 20:21:04'),('uj4v40yvndlaqzhazv8owl1xbmoqnpy6','.eJxFjbsKwzAMAH8laE6GdqvHzB0KHksxqi0SgR-pJA-l9N_rrdNxcHAfyKgWSksEDnrNXNgowQxbJ1XSJSHnN7g7-KPVjdb2nPyro9ANq-kIVxSbPJdDWx165dwGvLHFHR4zxC5C1ULcUTAaSeC0_E_udDl_f6vSL5M:1tncYe:lUSIChIUn2YY1J7ApAJZeO0XzRJS2iXR7llM5ITD5PQ','2025-03-13 12:00:04'),('uogozcnttab12eqapnl6hy0guz10rs1z','eyJsYXN0X21vZGUiOiJkYWlseSJ9:1tncC5:0-Kk2O07-gi8VxHZaYuecOAQ9ac384zs52WoXmHO3js','2025-03-13 11:36:45'),('vjbczb4z3ahfqtwx51xwd32hwvhvcbvg','.eJyrVkpJzMypjE_OSCxKTC5JLYrPTFGyMrQ008GQSEksSVWyUjIyMDLVNTDWNTBU0lHKSSwuic_NTwFJgNUr1QIAjq8bDA:1toSVC:dJZH_8s2R5PRK6v_Fux920mJyNHDzOglqAW-G-wnLv4','2025-03-15 19:27:59'),('vznhb6nilcw8pgs97nea1jzjhsxp3e0i','eyJsYXN0X21vZGUiOiJkYWlseSJ9:1tnbsn:9vLvEF3MrWbZGlr5fOFR39qwR3D-FIwf93EKVSjq5b0','2025-03-13 11:16:49'),('w2jnjkm0ght5cnktukhl7cw68h4chy1b','eyJsYXN0X21vZGUiOiJkYWlseSJ9:1tnboY:K7HNEdpiTA1DcVLc1_pYeChOEpCvAgdLw7JTaz_Rsn8','2025-03-13 11:12:26'),('x4ox1gtnf5j3y2b0w422oz75ilv565av','eyJsYXN0X21vZGUiOiJkYWlseSJ9:1tnbi6:ahC99llkZXt9i-EBjzJ0FnwEw-UG7XgxkCir58SOTT4','2025-03-13 11:05:46'),('ygrvb8zgymuu23kthpeg3qm2w3bj97lb','eyJsYXN0X21vZGUiOiJkYWlseSJ9:1tnajx:ZuI8_JPzB8qt_3dTDO_N3L2fGVPbZIqNg2tKmIX974g','2025-03-13 10:03:37'),('yifpe2iyvtokpa8urzkxjnfhu2j7lnhw','eyJsYXN0X21vZGUiOiJkYWlseSJ9:1tnapr:QdIji5oVWhJtYV3NUb_zDwUOEvNusdd_f5owihj_rSQ','2025-03-13 10:09:43');
/*!40000 ALTER TABLE `django_session` ENABLE KEYS */;
UNLOCK TABLES;

--
-- Table structure for table `game_cartooncharacter`
--

DROP TABLE IF EXISTS `game_cartooncharacter`;
/*!40101 SET @saved_cs_client     = @@character_set_client */;
/*!50503 SET character_set_client = utf8mb4 */;
CREATE TABLE `game_cartooncharacter` (
  `id` bigint NOT NULL AUTO_INCREMENT,
  `name` varchar(100) NOT NULL,
  `network` varchar(50) NOT NULL,
  `is_main` tinyint(1) NOT NULL,
  `release_year` int NOT NULL,
  `still_airing` tinyint(1) NOT NULL,
  `gender` varchar(20) NOT NULL,
  `image_url` varchar(999) DEFAULT NULL,
  `show_id` bigint NOT NULL,
  PRIMARY KEY (`id`),
  UNIQUE KEY `name` (`name`),
  KEY `show_id` (`show_id`),
  CONSTRAINT `game_cartooncharacter_ibfk_1` FOREIGN KEY (`show_id`) REFERENCES `game_show` (`id`)
) ENGINE=InnoDB AUTO_INCREMENT=443 DEFAULT CHARSET=utf8mb3;
/*!40101 SET character_set_client = @saved_cs_client */;

--
-- Dumping data for table `game_cartooncharacter`
--

LOCK TABLES `game_cartooncharacter` WRITE;
/*!40000 ALTER TABLE `game_cartooncharacter` DISABLE KEYS */;
INSERT INTO `game_cartooncharacter` VALUES (1,'Peppa Pig','Channel 5, Nick Jr.',1,2004,1,'Female','https://static.wikia.nocookie.net/peppapig/images/6/61/Peppa_Pig.png/revision/latest/scale-to-width-down/350?cb=20240627160159',38),(2,'George Pig','Channel 5, Nick Jr.',0,2004,1,'Male','https://static.wikia.nocookie.net/peppapig/images/a/a8/George_pig.png/revision/latest/scale-to-width-down/350?cb=20240602173010',38),(3,'Mummy Pig','Channel 5, Nick Jr.',0,2004,1,'Female','https://static.wikia.nocookie.net/peppapig/images/1/19/Mummy_Pig.png/revision/latest/scale-to-width-down/350?cb=20240608235012',38),(4,'Daddy Pig','Channel 5, Nick Jr.',0,2004,1,'Male','https://static.wikia.nocookie.net/peppapig/images/a/af/Daddy_Pig-0.png/revision/latest/scale-to-width-down/350?cb=20240609155253',38),(5,'Suzy Sheep','Channel 5, Nick Jr.',0,2004,1,'Female','https://static.wikia.nocookie.net/peppapig/images/9/9c/SuzySheep.png/revision/latest/scale-to-width-down/350?cb=20240414054658',38),(6,'Rebecca Rabbit','Channel 5, Nick Jr.',0,2004,1,'Female','https://static.wikia.nocookie.net/peppapig/images/a/aa/Rebecca_Rabbit.png/revision/latest/scale-to-width-down/1200?cb=20240414063436',38),(7,'Pablo','Nick Jr., Nickelodeon',1,2004,0,'Male','https://static.wikia.nocookie.net/thebackyardigansencyclopedia/images/1/18/The_Backyardigans_Pablo_Nickelodeon_Nick_Jr._Character_Image.png/revision/latest/scale-to-width-down/350?cb=20241221030949',40),(8,'Tyrone','Nick Jr., Nickelodeon',1,2004,0,'Male','https://static.wikia.nocookie.net/thebackyardigansencyclopedia/images/f/fe/The_Backyardigans_Tyrone_Nickelodeon_Nick_Jr._Character_Image.png/revision/latest/scale-to-width-down/350?cb=20220507234000',40),(9,'Tasha','Nick Jr., Nickelodeon',1,2004,0,'Female','https://static.wikia.nocookie.net/thebackyardigansencyclopedia/images/8/81/The_Backyardigans_Tasha_Nickelodeon_Nick_Jr._Character_Image.png/revision/latest/scale-to-width-down/350?cb=20220507234412',40),(10,'Ruby Bunny','Nick Jr., Treehouse TV',1,2002,0,'Female','https://static.wikia.nocookie.net/maxandruby/images/e/ec/Rubypose.png/revision/latest/scale-to-width-down/349?cb=20160911083614',10),(11,'Grandma Rabbit','Nick Jr., Treehouse TV',0,2002,0,'Female','https://static.wikia.nocookie.net/maxandruby/images/5/52/Grandma1.png/revision/latest?cb=20130912193505',10),(12,'Dora','Nickelodeon, Nick Jr.',1,2000,0,'Female','https://static.wikia.nocookie.net/doratheexplorer/images/1/17/Dorainseries.png/revision/latest/scale-to-width-down/325?cb=20240203175127',41),(13,'Boots','Nickelodeon, Nick Jr.',0,2000,0,'Male','https://static.wikia.nocookie.net/doratheexplorer/images/e/e2/E06E4B7B-B2B2-4A46-B92C-DC5B672C3B07.webp/revision/latest/scale-to-width-down/350?cb=20230331165358',41),(14,'Diego','Nickelodeon, Nick Jr.',0,2000,0,'Male','https://static.wikia.nocookie.net/doratheexplorer/images/3/34/Go%2C_Diego%2C_Go%21_Nickelodeon_2003.png/revision/latest?cb=20170810175403',41),(15,'Swiper','Nickelodeon, Nick Jr.',0,2000,0,'Male','https://static.wikia.nocookie.net/doratheexplorer/images/f/f1/Swiper_20.jpg/revision/latest/scale-to-width-down/350?cb=20221123144916',41),(16,'Mami','Nickelodeon, Nick Jr.',0,2000,0,'Female','https://static.wikia.nocookie.net/doratheexplorer/images/4/43/Elena_marquez_2.png/revision/latest/scale-to-width-down/177?cb=20181023151922',41),(17,'Juan','Nickelodeon, Nick Jr.',0,2000,0,'Male','https://static.wikia.nocookie.net/doratheexplorer/images/9/93/Vlcsnap-2022-09-02-23h28m34s807.png/revision/latest?cb=20240128232124',41),(18,'Roberto','Nickelodeon, Nick Jr.',0,2000,0,'Male','https://static.wikia.nocookie.net/doratheexplorer/images/1/14/152057.jpg/revision/latest/scale-to-width-down/350?cb=20130316060210',41),(19,'Mickey Mouse','Disney Junior, Disney Channel',1,2006,0,'Male','https://static.wikia.nocookie.net/mickeymouse/images/f/f6/MickeyArt.jpg/revision/latest/scale-to-width-down/164?cb=20141004105321',42),(20,'Minnie Mouse','Disney Junior, Disney Channel',1,2006,0,'Female','https://static.wikia.nocookie.net/mickeyclub/images/6/67/Minnie_Mouse.png/revision/latest?cb=20161007002135',42),(21,'Donald Duck','Disney Junior, Disney Channel',0,2006,0,'Male','https://static.wikia.nocookie.net/mickeymouse/images/5/57/Donald_Duck.jpg/revision/latest/scale-to-width-down/180?cb=20101106213101',42),(22,'Goofy','Disney Junior, Disney Channel',0,2006,0,'Male','https://i.pinimg.com/474x/a4/90/3f/a4903f7e500535946c019d3339f93d2a.jpg',42),(23,'Pluto','Disney Junior, Disney Channel',0,2006,0,'Male','https://static.wikia.nocookie.net/disney-fan-fiction/images/a/ac/DSNY-SM-13.jpg/revision/latest?cb=20140423211744',42),(24,'Daisy Duck','Disney Junior, Disney Channel',0,2006,0,'Female','https://static.wikia.nocookie.net/disney/images/c/c9/Classic_Daisy_Duck.png/revision/latest?cb=20250120213051',42),(25,'Clarabelle Cow','Disney Junior, Disney Channel',0,2006,0,'Female','https://static.wikia.nocookie.net/disney/images/f/f7/Clarabelle_Juice.png/revision/latest?cb=20241226062539',42),(26,'Peter Griffin','Fox, Adult Swim, TBS',1,1999,1,'Male','https://static.wikia.nocookie.net/familyguy/images/a/aa/FamilyGuy_Single_PeterDrink_R7.jpg/revision/latest/scale-to-width-down/350?cb=20230815202349',43),(27,'Lois Griffin','Fox, Adult Swim, TBS',1,1999,1,'Female','https://static.wikia.nocookie.net/familyguy/images/7/7c/FamilyGuy_Single_LoisPose_R7.jpg/revision/latest/scale-to-width-down/350?cb=20231118212131',43),(28,'Stewie Griffin','Fox, Adult Swim, TBS',0,1999,1,'Male','https://static.wikia.nocookie.net/familyguy/images/9/90/FamilyGuy_Single_StewieBackpack_R7.jpg/revision/latest/scale-to-width-down/350?cb=20200526171841',43),(29,'Brian Griffin','Fox, Adult Swim, TBS',0,1999,1,'Male','https://static.wikia.nocookie.net/familyguy/images/c/c2/FamilyGuy_Single_BrianWriter_R7.jpg/revision/latest/scale-to-width-down/350?cb=20230807152447',43),(30,'Meg Griffin','Fox, Adult Swim, TBS',0,1999,1,'Female','https://static.wikia.nocookie.net/familyguy/images/1/1b/FamilyGuy_Single_MegMakeup_R7.jpg/revision/latest/scale-to-width-down/350?cb=20200526171840',43),(31,'Chris Griffin','Fox, Adult Swim, TBS',0,1999,1,'Male','https://static.wikia.nocookie.net/familyguy/images/e/ee/FamilyGuy_Single_ChrisText_R7.jpg/revision/latest/scale-to-width-down/350?cb=20230815202356',43),(32,'Glenn Quagmire','Fox, Adult Swim, TBS',0,1999,1,'Male','https://static.wikia.nocookie.net/familyguy/images/1/1f/Quagmire.PNG/revision/latest?cb=20221004124745',43),(33,'Cleveland Brown','Fox, Adult Swim, TBS',0,1999,1,'Male','https://static.wikia.nocookie.net/familyguy/images/1/1f/Cleveland.png/revision/latest?cb=20100121115548',43),(34,'Joe Swanson','Fox, Adult Swim, TBS',0,1999,1,'Male','https://static.wikia.nocookie.net/familyguy/images/9/9c/190px-Joe_Swanson.png/revision/latest?cb=20100326012234',43),(35,'Death','Fox, Adult Swim, TBS',0,1999,1,'Male','https://static.wikia.nocookie.net/familyguy/images/f/ff/Death.JPG/revision/latest?cb=20071219220753',43),(36,'Stan Marsh','Comedy Central, Paramount+',1,1997,1,'Male','https://static.wikia.nocookie.net/southpark/images/c/c6/Stan-marsh-0.png/revision/latest/scale-to-width-down/319?cb=20210107202918',44),(37,'Kyle Broflovski','Comedy Central, Paramount+',1,1997,1,'Male','https://static.wikia.nocookie.net/southpark/images/9/95/Kyle-broflovski.png/revision/latest/scale-to-width-down/350?cb=20190411033301',44),(38,'Kenny McCormick','Comedy Central, Paramount+',1,1997,1,'Male','https://static.wikia.nocookie.net/southpark/images/6/6f/KennyMcCormick.png/revision/latest/scale-to-width-down/350?cb=20160409020502',44),(39,'Eric Cartman','Comedy Central, Paramount+',1,1997,1,'Male','https://static.wikia.nocookie.net/southpark/images/c/c4/Eric-cartman.png/revision/latest/scale-to-width-down/350?cb=20180718082504',44),(40,'Butters Stotch','Comedy Central, Paramount+',0,1997,1,'Male','https://static.wikia.nocookie.net/southpark/images/0/06/ButtersStotch.png/revision/latest/scale-to-width-down/316?cb=20190411032405',44),(41,'Wendy Testaburger','Comedy Central, Paramount+',0,1997,1,'Female','https://static.wikia.nocookie.net/southpark/images/9/9e/Wendyy.png/revision/latest/scale-to-width-down/337?cb=20211125042014',44),(42,'Mr. Garrison','Comedy Central, Paramount+',0,1997,1,'Male','https://static.wikia.nocookie.net/southpark/images/7/79/Mr._Herbert_Garrison.png/revision/latest/scale-to-width-down/198?cb=20181024214515',44),(43,'Chef','Comedy Central, Paramount+',0,1997,1,'Male','https://static.wikia.nocookie.net/southpark/images/3/38/JeromeChef.png/revision/latest/scale-to-width-down/350?cb=20160402120214',44),(44,'Token Black','Comedy Central, Paramount+',0,1997,1,'Male','https://static.wikia.nocookie.net/southpark/images/d/d3/Token_Black2.png/revision/latest/scale-to-width-down/341?cb=20211125042745',44),(45,'Randy Marsh','Comedy Central, Paramount+',0,1997,1,'Male','https://static.wikia.nocookie.net/southpark/images/f/f2/Randy_transparent_cockmagic.png/revision/latest/scale-to-width-down/202?cb=20160402120457',44),(46,'Sheila Broflovski','Comedy Central, Paramount+',0,1997,1,'Female','https://static.wikia.nocookie.net/southpark/images/f/fe/MrsBroflovski.png/revision/latest/scale-to-width-down/316?cb=20211125042917',44),(47,'Towelie','Comedy Central, Paramount+',0,1997,1,'Male','https://static.wikia.nocookie.net/southpark/images/0/07/Towelie-0.png/revision/latest?cb=20211125042745',44),(48,'Homer Simpson','Fox',1,1989,1,'Male','https://static.wikia.nocookie.net/simpsons/images/b/bd/Homer_Simpson.png/revision/latest/scale-to-width-down/211?cb=20221226145155',45),(49,'Marge Simpson','Fox',1,1989,1,'Female','https://static.wikia.nocookie.net/simpsons/images/3/34/Marge_Character_Set.png/revision/latest?cb=20241027063505',45),(50,'Bart Simpson','Fox',1,1989,1,'Male','https://static.wikia.nocookie.net/simpsons/images/0/03/Bart_Tapped_Out.png/revision/latest?cb=20151122081018',45),(51,'Lisa Simpson','Fox',1,1989,1,'Female','https://static.wikia.nocookie.net/simpsons/images/e/ea/Lisa_Unlock.png/revision/latest?cb=20180311061622',45),(52,'Maggie Simpson','Fox',1,1989,1,'Female','https://static.wikia.nocookie.net/simpsons/images/7/7f/Maggie_Simpson_Tapped_Out.png/revision/latest?cb=20151217014838',45),(53,'Mr. Burns','Fox',0,1989,1,'Male','https://static.wikia.nocookie.net/simpsons/images/a/a7/Montgomery_Burns.png/revision/latest/scale-to-width-down/326?cb=20210705202408',45),(54,'Ned Flanders','Fox',0,1989,1,'Male','https://static.wikia.nocookie.net/simpsons/images/8/84/Ned_Flanders.png/revision/latest?cb=20201222215900',45),(55,'Moe Szyslak','Fox',0,1989,1,'Male','https://static.wikia.nocookie.net/simpsons/images/4/4a/220px-Moe_Szyslak.png/revision/latest?cb=20200428163352',45),(56,'Krusty the Clown','Fox',0,1989,1,'Male','https://static.wikia.nocookie.net/simpsons/images/0/07/Tapped_Out_Unlock_Krusty.png/revision/latest?cb=20141120143301',45),(57,'Apu Nahasapeemapetilon','Fox',0,1989,1,'Male','https://static.wikia.nocookie.net/simpsons/images/7/7d/Apu_Nahasapeemapetilon.png/revision/latest?cb=20201222215823',45),(58,'Philip J. Fry','Fox, Comedy Central, Hulu',1,1999,1,'Male','https://static.wikia.nocookie.net/enfuturama/images/4/4c/Character_Fry.png/revision/latest?cb=20221005104553',46),(59,'Leela','Fox, Comedy Central, Hulu',1,1999,1,'Female','https://static.wikia.nocookie.net/enfuturama/images/3/3d/Character_Leela.png/revision/latest?cb=20241027131149',46),(60,'Bender','Fox, Comedy Central, Hulu',1,1999,1,'Male','https://static.wikia.nocookie.net/enfuturama/images/3/3d/Character_Bender.png/revision/latest?cb=20221005104552',46),(61,'Professor Farnsworth','Fox, Comedy Central, Hulu',0,1999,1,'Male','https://static.wikia.nocookie.net/enfuturama/images/3/35/Character_The_Professor.png/revision/latest?cb=20221005104541',46),(62,'Dr. Zoidberg','Fox, Comedy Central, Hulu',0,1999,1,'Male','https://static.wikia.nocookie.net/enfuturama/images/1/17/Zoidberg.png/revision/latest?cb=20221005104538',46),(63,'Amy Wong','Fox, Comedy Central, Hulu',0,1999,1,'Female','https://static.wikia.nocookie.net/enfuturama/images/1/1f/Character_Amy.png/revision/latest?cb=20221005104554',46),(64,'Hermes Conrad','Fox, Comedy Central, Hulu',0,1999,1,'Male','https://static.wikia.nocookie.net/enfuturama/images/f/ff/Character_Hermes.png/revision/latest?cb=20221005104548',46),(65,'Nibbler','Fox, Comedy Central, Hulu',0,1999,1,'Male','https://static.wikia.nocookie.net/enfuturama/images/2/24/Lord_Nibbler_-_Official_Character_Promo.jpg/revision/latest/scale-to-width-down/350?cb=20211021164044',46),(66,'Rick Sanchez','Adult Swim',1,2013,1,'Male','https://static.wikia.nocookie.net/rickandmorty/images/a/a6/Rick_Sanchez.png/revision/latest/scale-to-width-down/268?cb=20160923150728',47),(67,'Morty Smith','Adult Swim',1,2013,1,'Male','https://static.wikia.nocookie.net/rickandmorty/images/e/ee/Morty501.png/revision/latest/scale-to-width-down/268?cb=20210827150137',47),(68,'Summer Smith','Adult Swim',0,2013,1,'Female','https://static.wikia.nocookie.net/rickandmorty/images/a/ad/Summer_is_cool.jpeg/revision/latest/scale-to-width-down/268?cb=20160919183158',47),(69,'Beth Smith','Adult Swim',0,2013,1,'Female','https://static.wikia.nocookie.net/rickandmorty/images/5/58/Beth_Smith.png/revision/latest/scale-to-width-down/268?cb=20231221010211',47),(70,'Jerry Smith','Adult Swim',0,2013,1,'Male','https://static.wikia.nocookie.net/rickandmorty/images/f/f1/Jerry_Smith.png/revision/latest/scale-to-width-down/268?cb=20160923151111',47),(71,'Mr. Meeseeks','Adult Swim',0,2013,1,'Male','https://static.wikia.nocookie.net/rickandmorty/images/6/6c/MeeseeksHQ.png/revision/latest/scale-to-width-down/268?cb=20150930232412',47),(75,'Mr. Poopybutthole','Adult Swim',0,2013,1,'Male','https://static.wikia.nocookie.net/rickandmorty/images/3/37/Mr_poopy_butthole.png/revision/latest/scale-to-width-down/268?cb=20150819161234',47),(76,'Stan Smith','Fox, TBS',1,2005,1,'Male','https://static.wikia.nocookie.net/americandad/images/0/0d/AmericanDad_09_Stan_v1F.jpg/revision/latest/scale-to-width-down/268?cb=20101130170500',48),(77,'Francine Smith','Fox, TBS',1,2005,1,'Female','https://static.wikia.nocookie.net/americandad/images/1/16/AmericanDad_09_Francine_v1F.jpg/revision/latest/scale-to-width-down/268?cb=20101130170555',48),(78,'Klaus','Fox, TBS',0,2005,1,'Male','https://static.wikia.nocookie.net/americandad/images/2/20/AmericanDad_09_Klaus_v1F.jpg/revision/latest/scale-to-width-down/268?cb=20100929212721',48),(79,'Steve Smith','Fox, TBS',0,2005,1,'Male','https://static.wikia.nocookie.net/americandad/images/1/17/AmericanDad_09_Steve_v1F.jpg/revision/latest/scale-to-width-down/268?cb=20120410225346',48),(80,'Hayley Smith','Fox, TBS',0,2005,1,'Female','https://static.wikia.nocookie.net/americandad/images/b/b6/Gal_hayley.jpg/revision/latest/scale-to-width-down/268?cb=20121108030428',48),(81,'Timmy Turner','Nickelodeon',1,2001,0,'Male','https://static.wikia.nocookie.net/fairlyoddparents/images/2/2c/New_Timmy_Stock.png/revision/latest/scale-to-width-down/350?cb=20231114170622&path-prefix=en',26),(82,'Cosmo','Nickelodeon',0,2001,0,'Male','https://static.wikia.nocookie.net/fairlyoddparents/images/c/c5/CosmoANW-Profile.png/revision/latest/scale-to-width-down/350?cb=20240609225613&path-prefix=en',26),(83,'Wanda','Nickelodeon',0,2001,0,'Female','https://static.wikia.nocookie.net/fairlyoddparents/images/4/4a/WandaANW-Profile.png/revision/latest/scale-to-width-down/350?cb=20240609225944&path-prefix=en',26),(84,'Vicky','Nickelodeon',0,2001,0,'Female','https://static.wikia.nocookie.net/fairlyoddparents/images/0/03/Vicky7-Infobox.png/revision/latest/scale-to-width-down/350?cb=20250211023207&path-prefix=en',26),(85,'Poof','Nickelodeon',0,2001,0,'Male','https://static.wikia.nocookie.net/fairlyoddparents/images/8/8f/Stock_image_of_Poof.png/revision/latest/scale-to-width-down/350?cb=20241111223817&path-prefix=en',26),(86,'Mr. Crocker','Nickelodeon',0,2001,0,'Male','https://static.wikia.nocookie.net/fairlyoddparents/images/0/01/Denzel_Crocker_scheming-Infobox.png/revision/latest/scale-to-width-down/350?cb=20231114170038&path-prefix=en',26),(87,'Mr. Turner','Nickelodeon',0,2001,0,'Male','https://static.wikia.nocookie.net/fairlyoddparents/images/4/41/Mr_Turner_main_page-infobox.png/revision/latest/scale-to-width-down/350?cb=20231114171035&path-prefix=en',26),(88,'Finn','Cartoon Network',1,2010,0,'Male','https://static.wikia.nocookie.net/adventuretimewithfinnandjake/images/f/f3/Original_Finn.png/revision/latest/scale-to-width-down/307?cb=20200424114126',49),(89,'Jake','Cartoon Network',1,2010,0,'Male','https://static.wikia.nocookie.net/adventuretimewithfinnandjake/images/3/3b/Jakesalad.png/revision/latest/scale-to-width-down/346?cb=20240905203644',49),(90,'Princess Bubblegum','Cartoon Network',0,2010,0,'Female','https://static.wikia.nocookie.net/adventuretimewithfinnandjake/images/0/00/Princess_Bubblegum.png/revision/latest?cb=20190807133134',49),(91,'Marceline the Vampire Queen','Cartoon Network',0,2010,0,'Female','https://upload.wikimedia.org/wikipedia/en/4/48/Adventure_Time_-_Marceline.png',49),(92,'Ice King','Cartoon Network',0,2010,0,'Male','https://static.wikia.nocookie.net/adventuretimewithfinnandjake/images/3/3d/Young_Ice_King_without_crown.png/revision/latest/scale-to-width-down/187?cb=20190923152111',49),(93,'BMO','Cartoon Network',0,2010,0,'Male','https://static.wikia.nocookie.net/adventuretimewithfinnandjake/images/8/81/BMO.png/revision/latest/scale-to-width-down/350?cb=20200613123757',49),(94,'Lumpy Space Princess','Cartoon Network',0,2010,0,'Female','https://static.wikia.nocookie.net/adventuretimewithfinnandjake/images/9/9f/Lumpy_Space.png/revision/latest?cb=20110730224431',49),(95,'Mordecai','Cartoon Network',1,2010,0,'Male','https://static.wikia.nocookie.net/theregularshow/images/b/b4/Mordecai_2024.PNG/revision/latest/scale-to-width-down/350?cb=20240517015548',50),(96,'Rigby','Cartoon Network',1,2010,0,'Male','https://static.wikia.nocookie.net/theregularshow/images/c/ce/Rigby_2024.PNG/revision/latest/scale-to-width-down/350?cb=20240517015606',50),(97,'Benson','Cartoon Network',0,2010,0,'Male','https://static.wikia.nocookie.net/theregularshow/images/d/dd/Benson_2024.PNG/revision/latest/scale-to-width-down/350?cb=20240517015624',50),(98,'Pops','Cartoon Network',0,2010,0,'Male','https://static.wikia.nocookie.net/theregularshow/images/2/25/Pops_2024.PNG/revision/latest/scale-to-width-down/350?cb=20240517015637',50),(99,'Skips','Cartoon Network',0,2010,0,'Male','https://static.wikia.nocookie.net/theregularshow/images/2/2a/Skips_2024.PNG/revision/latest/scale-to-width-down/350?cb=20240517015655',50),(100,'Muscle Man','Cartoon Network',0,2010,0,'Male','https://static.wikia.nocookie.net/theregularshow/images/2/25/Muscle_Man_2024.PNG/revision/latest/scale-to-width-down/350?cb=20240517015710',50),(101,'Hi-Five Ghost','Cartoon Network',0,2010,0,'Male','https://static.wikia.nocookie.net/theregularshow/images/9/90/Hi_Five_Ghost_2024.PNG/revision/latest/scale-to-width-down/350?cb=20240517015724',50),(102,'Margaret','Cartoon Network',0,2010,0,'Female','https://static.wikia.nocookie.net/theregularshow/images/7/77/Margaret_2024.PNG/revision/latest/scale-to-width-down/350?cb=20240517015741',50),(103,'CJ','Cartoon Network',0,2010,0,'Female','https://static.wikia.nocookie.net/theregularshow/images/b/bb/CJ_2024.PNG/revision/latest/scale-to-width-down/350?cb=20240517015848',50),(104,'Mac','Cartoon Network',1,2004,0,'Male','https://static.wikia.nocookie.net/fhif/images/3/37/Mac_Foster%27s.png/revision/latest/scale-to-width-down/278?cb=20240522182154',51),(105,'Bloo','Cartoon Network',1,2004,0,'Male','https://static.wikia.nocookie.net/fhif/images/2/2b/Bloo.png/revision/latest?cb=20211210035152',51),(106,'Wilt','Cartoon Network',0,2004,0,'Male','https://static.wikia.nocookie.net/fhif/images/b/ba/Wilt_Official.png/revision/latest/scale-to-width-down/214?cb=20240321023523',51),(107,'Eduardo','Cartoon Network',0,2004,0,'Male','https://static.wikia.nocookie.net/fhif/images/4/45/Eduardo_%28FHFIF_Pose_1%29.png/revision/latest/scale-to-width-down/350?cb=20221019024030',51),(108,'Coco','Cartoon Network',0,2004,0,'Female','https://static.wikia.nocookie.net/fhif/images/b/ba/Coco_%28Pose%29.png/revision/latest?cb=20241104011223',51),(109,'Madame Foster','Cartoon Network',0,2004,0,'Female','https://static.wikia.nocookie.net/fhif/images/a/aa/Fosters-home-character-madame.png/revision/latest?cb=20190330021034',51),(110,'Frankie','Cartoon Network',0,2004,0,'Female','https://static.wikia.nocookie.net/fhif/images/e/e8/Frankie_Foster.png/revision/latest/scale-to-width-down/185?cb=20211210034614',51),(111,'Cheese','Cartoon Network',0,2004,0,'Male','https://static.wikia.nocookie.net/fhif/images/d/da/Cheese0.png/revision/latest?cb=20120818211109',51),(112,'Mr. Herriman','Cartoon Network',0,2004,0,'Male','https://static.wikia.nocookie.net/fhif/images/3/3d/Fosters-home-character-herriman.png/revision/latest?cb=20190330021216',51),(113,'Hoagie P. Gilligan, Jr. (Numbuh 2)','Cartoon Network',1,2002,0,'Male','https://static.wikia.nocookie.net/p__/images/8/8f/Tumblr_p5cny6J4Mn1tr6wqbo1_1280.png/revision/latest?cb=20230430132401&path-prefix=protagonist',7),(114,'Kuki Sanban (Numbuh 3)','Cartoon Network',1,2002,0,'Female','https://static.wikia.nocookie.net/knd/images/7/70/Numbuh_3.jpg/revision/latest?cb=20221225205239',7),(115,'Wallabee Beatles (Numbuh 4)','Cartoon Network',1,2002,0,'Male','https://static.wikia.nocookie.net/p__/images/e/ef/Numbuh_4_Render.png/revision/latest?cb=20230430133004&path-prefix=protagonist',7),(116,'Bob Belcher','Fox',1,2011,1,'Male','https://static.wikia.nocookie.net/bobsburgerpedia/images/f/f8/1416_To_Catch_a_Beef_Bob.png/revision/latest/scale-to-width-down/350?cb=20241109101929',52),(117,'Linda Belcher','Fox',1,2011,1,'Female','https://static.wikia.nocookie.net/bobsburgerpedia/images/7/79/1401_Fight_at_the_Not_Okay_Chore-ral_Linda.png/revision/latest/scale-to-width-down/350?cb=20250111090924',52),(118,'Tina Belcher','Fox',0,2011,1,'Female','https://static.wikia.nocookie.net/bobsburgerpedia/images/7/72/1501_The_Tina_Table-_The_Tables_Have_Tina-ed_Tina.png/revision/latest/scale-to-width-down/350?cb=20250111090548',52),(119,'Gene Belcher','Fox',0,2011,1,'Male','https://static.wikia.nocookie.net/bobsburgerpedia/images/f/fc/1404_Running_Down_a_Gene_Gene_2.png/revision/latest/scale-to-width-down/350?cb=20250111090153',52),(120,'Louise Belcher','Fox',0,2011,1,'Female','https://static.wikia.nocookie.net/bobsburgerpedia/images/7/7b/1504_For_Whom_the_Doll_Toes_Louise.png/revision/latest/scale-to-width-down/350?cb=20250128162135',52),(121,'Teddy','Fox',0,2011,1,'Male','https://static.wikia.nocookie.net/bobsburgerpedia/images/9/90/1017_Just_the_Trip_Teddy.png/revision/latest/scale-to-width-down/350?cb=20250111015754',52),(122,'Dexter','Cartoon Network',1,1996,0,'Male','https://static.wikia.nocookie.net/dexterslab/images/f/f9/DexterS1-2.png/revision/latest/scale-to-width-down/163?cb=20240506200655',53),(123,'Dee Dee','Cartoon Network',0,1996,0,'Female','https://static.wikia.nocookie.net/dexterslab/images/2/2c/Dee_Dee_with_closed_eyes.png/revision/latest/scale-to-width-down/131?cb=20241029090949',53),(124,'Dad','Cartoon Network',0,1996,0,'Male','https://static.wikia.nocookie.net/warner-bros-entertainment/images/5/50/Dex_dad_174x252.png/revision/latest?cb=20161108163332',53),(125,'SpongeBob SquarePants','Nickelodeon',1,1999,1,'Male','https://www.spongebobshop.com/cdn/shop/products/SB-Standees-Spong-3_800x.jpg?v=1603744568',21),(126,'Patrick Star','Nickelodeon',0,1999,1,'Male','https://upload.wikimedia.org/wikipedia/en/thumb/3/33/Patrick_Star.svg/1200px-Patrick_Star.svg.png',21),(127,'Squidward Tentacles','Nickelodeon',0,1999,1,'Male','https://m.media-amazon.com/images/I/615uKozRxvL._AC_UF1000,1000_QL80_.jpg',21),(128,'Mr. Krabs','Nickelodeon',0,1999,1,'Male','https://static.wikia.nocookie.net/spongebob/images/7/7b/Krabs_artwork.png/revision/latest?cb=20220807045807',21),(129,'Sandy Cheeks','Nickelodeon',0,1999,1,'Female','https://upload.wikimedia.org/wikipedia/en/thumb/a/a0/Sandy_Cheeks.svg/1200px-Sandy_Cheeks.svg.png',21),(130,'Plankton','Nickelodeon',0,1999,1,'Male','http://www.spongebobshop.com/cdn/shop/products/mockup_Default_Default_5.5x5.5_1_a957a564-d6f2-4f50-b381-c8b55f429a88_grande.jpg?v=1570840820',21),(131,'Gary','Nickelodeon',0,1999,1,'Male','https://m.media-amazon.com/images/I/61hKdLcybEL.jpg',21),(132,'Pearl Krabs','Nickelodeon',0,1999,1,'Female','https://www.paramountshop.co.uk/cdn/shop/files/spongebob-squarepants-mr-krabs-pillow-302168_1500x.jpg?v=1728920169',21),(133,'Mrs. Puff','Nickelodeon',0,1999,1,'Female','https://upload.wikimedia.org/wikipedia/en/c/ce/Mrs._Puff.svg',21),(134,'Larry the Lobster','Nickelodeon',0,1999,1,'Male','https://static.wikia.nocookie.net/p__/images/8/84/368-3683311_larry-the-lobster-clipart.png/revision/latest?cb=20230920221855&path-prefix=protagonist',21),(135,'Mermaid Man','Nickelodeon',0,1999,1,'Male','https://static.wikia.nocookie.net/spongebob/images/c/ca/Mermaid_Man_stock_art.png/revision/latest?cb=20220807020103',21),(136,'Barnacle Boy','Nickelodeon',0,1999,1,'Male','https://static.wikia.nocookie.net/spongebob/images/d/d5/Barnacle_Boy_stock_art.png/revision/latest?cb=20220807020111',21),(137,'Ed','Cartoon Network',1,1999,0,'Male','https://static.wikia.nocookie.net/edwikia/images/7/7c/Ed.1.png/revision/latest/scale-to-width-down/214?cb=20250204213251',54),(138,'Edd (Double D)','Cartoon Network',1,1999,0,'Male','https://static.wikitide.net/greatcharacterswiki/5/5e/Edd.png',54),(139,'Eddy','Cartoon Network',1,1999,0,'Male','https://static.wikia.nocookie.net/edwikia/images/c/cd/Eddy.png/revision/latest/scale-to-width-down/350?cb=20250204213523',54),(140,'Kevin','Cartoon Network',0,1999,0,'Male','https://static.wikia.nocookie.net/edwikia/images/7/7e/Kevin_transparent_image.png/revision/latest/scale-to-width-down/324?cb=20250204080006',54),(141,'Jimmy','Cartoon Network',0,1999,0,'Male','https://static.wikia.nocookie.net/edwikia/images/8/80/Jimmy_2.png/revision/latest/scale-to-width-down/277?cb=20250204081039',54),(142,'Plank','Cartoon Network',0,1999,0,'Male','https://static.wikia.nocookie.net/edwikia/images/0/0d/Plank.png/revision/latest/scale-to-width-down/340?cb=20250204213707',54),(143,'Jonny 2x4','Cartoon Network',0,1999,0,'Male','https://static.wikia.nocookie.net/edwikia/images/9/9a/Jonny2x4.png/revision/latest/scale-to-width-down/312?cb=20200903170743',54),(144,'Gumball Watterson','Cartoon Network',1,2011,0,'Male','https://static.wikia.nocookie.net/fcs-vs-battle/images/d/d9/Season_3_Gumball_Watterson_Vector.png/revision/latest?cb=20210203182356',55),(145,'Darwin Watterson','Cartoon Network',0,2011,0,'Male','https://i.pinimg.com/564x/ab/be/c1/abbec1a20534e776844d0a4d39c4243a.jpg',55),(146,'Anais Watterson','Cartoon Network',0,2011,0,'Female','https://static.wikia.nocookie.net/great-characters/images/e/e6/FF85B01B-3C7F-42CB-A2D2-EB502DA17961.png/revision/latest?cb=20191109113154',55),(147,'Nicole Watterson','Cartoon Network',0,2011,0,'Female','https://static.wikia.nocookie.net/fcs-vs-battle/images/4/4c/Season_1_Nicole_Watterson_Vector.png/revision/latest?cb=20180722234546',55),(148,'Richard Watterson','Cartoon Network',0,2011,0,'Male','https://static.wikia.nocookie.net/great-characters/images/e/e6/FF85B01B-3C7F-42CB-A2D2-EB502DA17961.png/revision/latest?cb=20191109113154',55),(149,'Banana Joe','Cartoon Network',0,2011,0,'Male','https://static.wikia.nocookie.net/theamazingworldofgumball/images/a/af/S2Joe.png/revision/latest?cb=20170814130635',55),(150,'Blossom','Cartoon Network',1,1998,0,'Female','https://upload.wikimedia.org/wikipedia/en/9/97/Blossom_Powerpuff_Girl.png',56),(151,'Bubbles','Cartoon Network',1,1998,0,'Female','https://static.wikia.nocookie.net/charactercommunity/images/c/c1/Bubbles_Render.png/revision/latest?cb=20200122151115',56),(152,'Buttercup','Cartoon Network',1,1998,0,'Female','https://static.wikia.nocookie.net/charactercommunity/images/f/f3/59cfc99ed3b1936210a5dde2.png/revision/latest?cb=20200122151651',56),(153,'Professor Utonium','Cartoon Network',0,1998,0,'Male','https://sketchok.com/images/articles/01-cartoons/058-powerpuff-girls/06/13.jpg',56),(154,'Mojo Jojo','Cartoon Network',0,1998,0,'Male','https://static.wikia.nocookie.net/powerpuff/images/c/c9/Mojo_jojo_aparincia2.png/revision/latest?cb=20160612021838',56),(155,'Princess Morbucks','Cartoon Network',0,1998,0,'Female','https://static.wikia.nocookie.net/powerpuff/images/a/a9/Princess-pic.png/revision/latest?cb=20130517082820',56),(156,'Jimmy Neutron','Nickelodeon',1,2002,0,'Male','https://static.wikia.nocookie.net/jimmyneutron/images/5/57/Jimmy_Neutron.png/revision/latest/scale-to-width-down/229?cb=20180219044703',57),(157,'Carl Wheezer','Nickelodeon',0,2002,0,'Male','https://static.wikia.nocookie.net/jimmyneutron/images/7/71/Carl.png/revision/latest/scale-to-width-down/350?cb=20180809091358',57),(158,'Sheen Estevez','Nickelodeon',0,2002,0,'Male','https://static.wikia.nocookie.net/jimmyneutron/images/e/ee/Sheen_jimmy_neutron.png/revision/latest/scale-to-width-down/340?cb=20221122125146',57),(159,'Libby Folfax','Nickelodeon',0,2002,0,'Female','https://static.wikia.nocookie.net/jimmyneutron/images/f/f7/Libby.png/revision/latest?cb=20180809091358',57),(160,'Cindy Vortex','Nickelodeon',0,2002,0,'Female','https://static.wikia.nocookie.net/jimmyneutron/images/8/8d/CindyArt.png/revision/latest/scale-to-width-down/250?cb=20231217230707',57),(161,'Hugh Neutron','Nickelodeon',0,2002,0,'Male','https://static.wikia.nocookie.net/jimmyneutron/images/1/10/Hugh_Neutron2-0.png/revision/latest?cb=20180219044623',57),(162,'Judy Neutron','Nickelodeon',0,2002,0,'Female','https://static.wikia.nocookie.net/jimmyneutron/images/2/20/Judy_Neutron2.png/revision/latest?cb=20180219051437',57),(163,'Robin','Cartoon Network, DC Universe',1,2003,0,'Male','https://static.wikia.nocookie.net/teentitans/images/1/1b/Robin.png/revision/latest/scale-to-width-down/268?cb=20210428005258',58),(164,'Starfire','Cartoon Network, DC Universe',1,2003,0,'Female','https://static.wikia.nocookie.net/teentitans/images/e/ee/Star_fly.png/revision/latest/scale-to-width-down/268?cb=20241107142911',58),(165,'Raven','Cartoon Network, DC Universe',1,2003,0,'Female','https://static.wikia.nocookie.net/teentitans/images/6/66/Raven.png/revision/latest/scale-to-width-down/268?cb=20210426071012',58),(166,'Beast Boy','Cartoon Network, DC Universe',1,2003,0,'Male','https://static.wikia.nocookie.net/teentitans/images/c/c1/Beast_Boy.png/revision/latest?cb=20200906210004',58),(167,'Cyborg','Cartoon Network, DC Universe',1,2003,0,'Male','https://static.wikia.nocookie.net/teentitans/images/a/a3/Cyborg.png/revision/latest?cb=20200906210223',58),(168,'Fred Flintstone','ABC, Cartoon Network',1,1960,0,'Male','https://static.wikia.nocookie.net/flinstones/images/e/ee/The_Flintstones_-_Character_Profile_Image_-_Fred_Flintstone.png/revision/latest/scale-to-width-down/233?cb=20200128031714',59),(169,'Wilma Flintstone','ABC, Cartoon Network',1,1960,0,'Female','https://static.wikia.nocookie.net/flinstones/images/9/97/Wilma_Flintstone.png/revision/latest/scale-to-width-down/261?cb=20200128032331',59),(170,'Barney Rubble','ABC, Cartoon Network',0,1960,0,'Male','https://static.wikia.nocookie.net/flinstones/images/e/e2/Barney_Rubble.png/revision/latest/scale-to-width-down/260?cb=20200122235857',59),(171,'Betty Rubble','ABC, Cartoon Network',0,1960,0,'Female','https://static.wikia.nocookie.net/flinstones/images/5/5e/Betty_Rubble.png/revision/latest/scale-to-width-down/210?cb=20200123000516',59),(172,'Pebbles Flintstone','ABC, Cartoon Network',0,1960,0,'Female','https://static.wikia.nocookie.net/flinstones/images/f/ff/The_Flintstones_-_Character_Profile_Image_-_Pebbles_Flintstone.png/revision/latest/scale-to-width-down/317?cb=20200722213215',59),(173,'Bamm-Bamm Rubble','ABC, Cartoon Network',0,1960,0,'Male','https://static.wikia.nocookie.net/flinstones/images/6/64/The_Flintstones_-_Character_Profile_Image_-_Bamm-Bamm_Rubble.png/revision/latest/scale-to-width-down/350?cb=20200722212035',59),(174,'Dino','ABC, Cartoon Network',0,1960,0,'Male','https://static.wikia.nocookie.net/flinstones/images/7/79/The_Flintstones_-_Character_Profile_Image_-_Dino.png/revision/latest/scale-to-width-down/289?cb=20220111220120',59),(175,'Mr. Slate','ABC, Cartoon Network',0,1960,0,'Male','https://static.wikia.nocookie.net/flinstones/images/e/e0/The_Flintstones_-_Character_Profile_Image_-_Mr._Slate.png/revision/latest/scale-to-width-down/311?cb=20200316202131',59),(176,'Hoppy','ABC, Cartoon Network',0,1960,0,'Male','https://static.wikia.nocookie.net/flinstones/images/8/88/The_Flintstones_-_Character_Profile_Image_-_Hoppy.png/revision/latest/scale-to-width-down/350?cb=20200225222811',59),(177,'Aang','Nickelodeon',1,2005,0,'Male','https://static.wikia.nocookie.net/avatar/images/a/ae/Aang_at_Jasmine_Dragon.png/revision/latest?cb=20130612174003',60),(178,'Katara','Nickelodeon',1,2005,0,'Female','https://static.wikia.nocookie.net/avatar/images/7/7a/Katara_smiles_at_coronation.png/revision/latest?cb=20150104171449',60),(179,'Sokka','Nickelodeon',1,2005,0,'Male','https://static.wikia.nocookie.net/avatar/images/c/cc/Sokka.png/revision/latest?cb=20140905085428',60),(180,'Toph','Nickelodeon',0,2005,0,'Female','https://static.wikia.nocookie.net/avatar/images/4/46/Toph_Beifong.png/revision/latest?cb=20131230122047',60),(181,'Zuko','Nickelodeon',0,2005,0,'Male','https://static.wikia.nocookie.net/avatar/images/4/4b/Zuko.png/revision/latest?cb=20180630112142',60),(182,'Uncle Iroh','Nickelodeon',0,2005,0,'Male','https://static.wikia.nocookie.net/avatar/images/c/c1/Iroh_smiling.png/revision/latest?cb=20130626131914',60),(183,'Azula','Nickelodeon',0,2005,0,'Female','https://static.wikia.nocookie.net/avatar/images/1/12/Azula.png/revision/latest?cb=20140905084941',60),(184,'Suki','Nickelodeon',0,2005,0,'Female','https://static.wikia.nocookie.net/avatar/images/1/14/Suki.png/revision/latest?cb=20130819094354',60),(185,'Mai','Nickelodeon',0,2005,0,'Female','https://static.wikia.nocookie.net/avatar/images/4/40/Mai.png/revision/latest?cb=20090406114652',60),(186,'Ty Lee','Nickelodeon',0,2005,0,'Female','https://static.wikia.nocookie.net/avatar/images/6/6d/Ty_Lee.png/revision/latest?cb=20140905083814',60),(187,'Dipper Pines','Disney XD, Disney Channel',1,2012,0,'Male','https://static.wikia.nocookie.net/gravityfalls/images/c/cb/S1e16_dipper_will_take_room.png/revision/latest/scale-to-width-down/350?cb=20160119145706',61),(188,'Mabel Pines','Disney XD, Disney Channel',1,2012,0,'Female','https://static.wikia.nocookie.net/gravityfalls/images/9/97/S1e1_are_you_actually_not_gonna_show_me.png/revision/latest/scale-to-width-down/350?cb=20160125173954',61),(189,'Grunkle Stan','Disney XD, Disney Channel',0,2012,0,'Male','https://static.wikia.nocookie.net/gravityfalls/images/9/92/S1e16_something_about_you.png/revision/latest/scale-to-width-down/350?cb=20130530141339',61),(190,'Soos','Disney XD, Disney Channel',0,2012,0,'Male','https://static.wikia.nocookie.net/gravityfalls/images/b/bb/S1e13_whole_busload_of_em.png/revision/latest/scale-to-width-down/350?cb=20151221063833',61),(191,'Wendy Corduroy','Disney XD, Disney Channel',0,2012,0,'Female','https://static.wikia.nocookie.net/gravityfalls/images/3/35/S1e5_wendy_leaning_on_atm.png/revision/latest/scale-to-width-down/350?cb=20130603020244',61),(192,'Ford Pines','Disney XD, Disney Channel',0,2012,0,'Male','https://static.wikia.nocookie.net/gravityfalls/images/b/b7/S2e13_ha_ha_ha_dipper.jpg/revision/latest/scale-to-width-down/350?cb=20150805055839',61),(193,'Bill Cipher','Disney XD, Disney Channel',0,2012,0,'Male','https://static.wikia.nocookie.net/gravityfalls/images/e/ea/S1e19_bill_snap.png/revision/latest/scale-to-width-down/350?cb=20130905173319',61),(194,'Old Man McGucket','Disney XD, Disney Channel',0,2012,0,'Male','https://static.wikia.nocookie.net/gravityfalls/images/f/f5/S1e14_if_you_survive.png/revision/latest/scale-to-width-down/350?cb=20130305201426',61),(195,'Ben Tennyson','Cartoon Network',1,2005,0,'Male','https://static.wikia.nocookie.net/ben10/images/a/af/Ben_Season_4_Pose.png/revision/latest/scale-to-width-down/140?cb=20200911182034',62),(196,'Gwen Tennyson','Cartoon Network',0,2005,0,'Female','https://static.wikia.nocookie.net/ben10/images/a/a0/Reboot_Gwen.png/revision/latest/scale-to-width-down/114?cb=20201126071033',62),(197,'Grandpa Max','Cartoon Network',0,2005,0,'Male','https://static.wikia.nocookie.net/ben10/images/f/f2/Max_Pose.png/revision/latest/scale-to-width-down/199?cb=20171212133207',62),(198,'Four Arms','Cartoon Network',0,2005,0,'Male','https://static.wikia.nocookie.net/ben10/images/b/ba/Standing_Four_Arms.png/revision/latest/scale-to-width-down/282?cb=20201111085150',62),(199,'Heatblast','Cartoon Network',0,2005,0,'Male','https://static.wikia.nocookie.net/ben10/images/6/61/Standing_Heatblast.png/revision/latest/scale-to-width-down/115?cb=20230814092857',62),(200,'Diamondhead','Cartoon Network',0,2005,0,'Male','https://static.wikia.nocookie.net/ben10/images/2/27/Standing_Diamondhead.png/revision/latest/scale-to-width-down/203?cb=20230814111444',62),(201,'Kim Possible','Disney Channel',1,2002,0,'Female','https://upload.wikimedia.org/wikipedia/en/2/2b/Kim_Possible_%28character_design%29.png',63),(202,'Ron Stoppable','Disney Channel',0,2002,0,'Male','https://static.wikia.nocookie.net/evanrocks/images/8/8a/Ron_Stoppable_transparent.png/revision/latest?cb=20190611195116',63),(203,'Rufus','Disney Channel',0,2002,0,'Male','https://upload.wikimedia.org/wikipedia/en/9/9c/Rufus_Kim_Possible.png',63),(204,'Dr. Drakken','Disney Channel',0,2002,0,'Male','https://static.wikia.nocookie.net/villains/images/d/d3/Dr.Drakken.png/revision/latest?cb=20181218220116',63),(205,'Shego','Disney Channel',0,2002,0,'Female','https://static.wikia.nocookie.net/cartoonnetworkcn/images/7/7e/5aacf4a77603fc558cffc01b.webp/revision/latest?cb=20220623184658',63),(206,'Tommy Pickles','Nickelodeon',1,1991,0,'Male','https://static.wikia.nocookie.net/rugrats/images/e/e4/Tommy_Pickles.png/revision/latest/scale-to-width-down/105?cb=20221101151102',64),(207,'Chuckie Finster','Nickelodeon',1,1991,0,'Male','https://static.wikia.nocookie.net/rugrats/images/a/ad/Chuckie_Finster.png/revision/latest/scale-to-width-down/152?cb=20221101150149',64),(208,'Phil Pickles','Nickelodeon',0,1991,0,'Male','https://static.wikia.nocookie.net/fanon-rugrats/images/0/04/Dil_Pickles.png/revision/latest?cb=20131116044528',64),(209,'Lil Pickles','Nickelodeon',0,1991,0,'Female','https://static.wikia.nocookie.net/p__/images/d/d7/Lil_DeVille.png/revision/latest?cb=20151207222755&path-prefix=protagonist',64),(210,'Angelica Pickles','Nickelodeon',0,1991,0,'Female','https://static.wikia.nocookie.net/rugrats/images/1/19/Angelica_Pickles.png/revision/latest/scale-to-width-down/160?cb=20221101150926',64),(211,'Susie Carmichael','Nickelodeon',0,1991,0,'Female','https://static.wikia.nocookie.net/rugrats/images/f/f1/Susie_Carmichael.png/revision/latest/scale-to-width-down/124?cb=20241202235750',64),(212,'Billy','Cartoon Network',1,2001,0,'Male','https://static.wikia.nocookie.net/grimadventures/images/2/26/Billy2.png/revision/latest/scale-to-width-down/348?cb=20221127184255',65),(213,'Mandy','Cartoon Network',1,2001,0,'Female','https://static.wikia.nocookie.net/grimadventures/images/f/fc/Mandy_CN.png/revision/latest/scale-to-width-down/350?cb=20210413165507',65),(214,'Grim','Cartoon Network',1,2001,0,'Male','https://static.wikia.nocookie.net/grimadventures/images/7/74/Grim_Reaper.png/revision/latest/scale-to-width-down/350?cb=20221118055815',65),(215,'Irwin','Cartoon Network',0,2001,0,'Male','https://static.wikia.nocookie.net/grimadventures/images/8/8e/Irwin_Image.png/revision/latest/scale-to-width-down/350?cb=20221027231834',65),(216,'Flapjack','Cartoon Network',1,2008,0,'Male','https://static.wikia.nocookie.net/flapjack/images/f/f8/Flapjack.png/revision/latest?cb=20120818031450',66),(217,'Captain K\'nuckles','Cartoon Network',0,2008,0,'Male','https://static.wikia.nocookie.net/flapjack/images/4/42/K_%27nuckles.png/revision/latest?cb=20120818031544',66),(218,'Bubbie','Cartoon Network',0,2008,0,'Female','https://static.wikia.nocookie.net/flapjack/images/4/43/Bubbie.png/revision/latest?cb=20120908145842',66),(219,'Leonardo','Nickelodeon',1,2012,0,'Male','https://static.wikia.nocookie.net/tmnt/images/b/bc/Leo_mirage.jpg/revision/latest/scale-to-width-down/250?cb=20130601152932',67),(220,'Michelangelo','Nickelodeon',1,2012,0,'Male','https://static.wikia.nocookie.net/tmnt/images/9/90/Mike.jpg/revision/latest/scale-to-width-down/206?cb=20130527152217',67),(221,'Donatello','Nickelodeon',1,2012,0,'Male','https://static.wikia.nocookie.net/tmnt/images/a/ac/2500563-turtle124.jpg/revision/latest/scale-to-width-down/180?cb=20131012192640',67),(222,'Raphael','Nickelodeon',1,2012,0,'Male','https://static.wikia.nocookie.net/tmnt/images/2/20/2509180-turtle123.jpg/revision/latest/scale-to-width-down/182?cb=20130625150236',67),(223,'Splinter','Nickelodeon',0,2012,0,'Male','https://static.wikia.nocookie.net/tmnt/images/8/85/Splinter_%28Mirage%29_profile.jpg/revision/latest/scale-to-width-down/173?cb=20190218175717',67),(224,'Jenny (XJ-9)','Nickelodeon',1,2003,0,'Female','https://static.wikia.nocookie.net/teenagerobot/images/5/54/Jenny_Wakeman_A.K.A._XJ-9.png/revision/latest/scale-to-width-down/1200?cb=20210909233955',22),(225,'Danny Fenton (Danny Phantom)','Nickelodeon',1,2004,0,'Male','https://static.wikia.nocookie.net/dpwikia/images/1/1f/Render-_Danny_Fenton_1.png/revision/latest?cb=20190505043737',68),(226,'Sam Manson','Nickelodeon',1,2004,0,'Female','https://static.wikia.nocookie.net/dpwikia/images/3/3b/Render-_Sam_1.png/revision/latest/scale-to-width-down/186?cb=20190505043822',68),(227,'Tucker Foley','Nickelodeon',0,2004,0,'Male','https://static.wikia.nocookie.net/dpwikia/images/a/ac/Render-_Tucker_Foley.png/revision/latest/scale-to-width-down/234?cb=20190505043857',68),(228,'Jazz Fenton','Nickelodeon',0,2004,0,'Female','https://static.wikia.nocookie.net/dpwikia/images/3/3a/Render-_Jazz_1.png/revision/latest/scale-to-width-down/129?cb=20190505043918',68),(229,'Scooby-Doo','Cartoon Network, CBS, ABC',1,1969,0,'Male','https://static.wikia.nocookie.net/scoobydoo/images/5/53/Scooby-Doo.png/revision/latest/scale-to-width-down/350?cb=20211222210718',69),(230,'Shaggy Rogers','Cartoon Network, CBS, ABC',1,1969,0,'Male','https://static.wikia.nocookie.net/scoobydoo/images/8/82/Shaggy_Rogers.png/revision/latest/scale-to-width-down/350?cb=20210426154343',69),(231,'Fred Jones','Cartoon Network, CBS, ABC',1,1969,0,'Male','https://static.wikia.nocookie.net/scoobydoo/images/4/47/Fred_Jones.png/revision/latest/scale-to-width-down/350?cb=20201229021548',69),(232,'Daphne Blake','Cartoon Network, CBS, ABC',1,1969,0,'Female','https://static.wikia.nocookie.net/scoobydoo/images/1/1d/Daphne_Blake.png/revision/latest/scale-to-width-down/350?cb=20201229021752',69),(233,'Velma Dinkley','Cartoon Network, CBS, ABC',1,1969,0,'Female','https://static.wikia.nocookie.net/scoobydoo/images/9/9d/Velma_Dinkley.png/revision/latest/scale-to-width-down/350?cb=20201229021337',69),(234,'Nick Birch','Netflix',1,2017,1,'Male','https://static.wikia.nocookie.net/bigmouth/images/b/b0/Big_Mouth_HD_CLEAR_Character_ART_Nick_Birch.png/revision/latest/scale-to-width-down/350?cb=20190402091427',2),(235,'Andrew Glouberman','Netflix',1,2017,1,'Male','https://static.wikia.nocookie.net/bigmouth/images/d/d0/Big_Mouth_HD_CLEAR_Character_ART_Andrew_Glouberman.png/revision/latest/scale-to-width-down/350?cb=20190402091138',2),(236,'Jessi Glaser','Netflix',0,2017,1,'Female','https://static.wikia.nocookie.net/bigmouth/images/d/dc/Big_Mouth_HD_CLEAR_Character_ART_Jessi_Glaser.png/revision/latest/scale-to-width-down/350?cb=20190402091249',2),(237,'Missy Foreman-Greenwald','Netflix',0,2017,1,'Female','https://static.wikia.nocookie.net/bigmouth/images/f/f8/Big_Mouth_HD_CLEAR_Character_ART_Missy_Foreman-Greenwald.png/revision/latest/scale-to-width-down/350?cb=20190402091356',2),(238,'Bugs Bunny','Cartoon Network, Nickelodeon, ABC, CBS',1,1930,0,'Male','https://static.wikia.nocookie.net/looneytunes/images/2/20/Bugs_Bunny.svg.png/revision/latest/scale-to-width-down/327?cb=20230717125534',18),(239,'Daffy Duck','Cartoon Network, Nickelodeon, ABC, CBS',1,1930,0,'Male','https://static.wikia.nocookie.net/looneytunes/images/0/0d/Daffy_Sheldon_Duck.webp/revision/latest/scale-to-width-down/324?cb=20221130203902',18),(240,'Tweety','Cartoon Network, Nickelodeon, ABC, CBS',0,1930,0,'Male','https://static.wikia.nocookie.net/looneytunes/images/4/4f/Tweety_%28SVG%29.svg/revision/latest?cb=20220111144733',18),(241,'Sylvester','Cartoon Network, Nickelodeon, ABC, CBS',0,1930,0,'Male','https://static.wikia.nocookie.net/looneytunes/images/2/2c/Sylvester_the_Cat_%28SVG%29.svg/revision/latest?cb=20220111145029',18),(242,'Porky Pig','Cartoon Network, Nickelodeon, ABC, CBS',0,1930,0,'Male','https://static.wikia.nocookie.net/looneytunes/images/e/e3/Pigs.png/revision/latest?cb=20221105170130',18),(243,'Yosemite Sam','Cartoon Network, Nickelodeon, ABC, CBS',0,1930,0,'Male','https://static.wikia.nocookie.net/looneytunes/images/8/8c/Yosemite_Sam.png/revision/latest/scale-to-width-down/312?cb=20180523161541',18),(244,'Lola Bunny','Cartoon Network, Nickelodeon, ABC, CBS',0,1930,0,'Female','https://static.wikia.nocookie.net/looneytunes/images/e/ea/Lt_lola.jpg/revision/latest/scale-to-width-down/350?cb=20210607125434',18),(245,'Rocko','Nickelodeon',1,1993,0,'Male','https://static.wikia.nocookie.net/rockosmodernlife/images/5/5e/Rocko_Wallaby.png/revision/latest/scale-to-width-down/350?cb=20130920192204',70),(246,'Heffer Wolfe','Nickelodeon',1,1993,0,'Male','https://static.wikia.nocookie.net/rockosmodernlife/images/c/c8/Heffer_Wolfe.png/revision/latest/scale-to-width-down/350?cb=20131104020306',70),(247,'Phineas Flynn','Disney Channel, Disney XD',1,2007,0,'Male','https://static.wikia.nocookie.net/phineasandferb/images/e/ea/Profile_-_Phineas_Flynn.PNG/revision/latest/scale-to-width-down/268?cb=20200401182458',24),(248,'Ferb Fletcher','Disney Channel, Disney XD',1,2007,0,'Male','https://static.wikia.nocookie.net/phineasandferb/images/c/ca/Profile_-_Ferb_Fletcher.PNG/revision/latest/scale-to-width-down/268?cb=20250213225326',24),(249,'Candace Flynn','Disney Channel, Disney XD',0,2007,0,'Female','https://static.wikia.nocookie.net/phineasandferb/images/1/18/Profile_-_Candace_Flynn.png/revision/latest/scale-to-width-down/267?cb=20200401181755',24),(250,'Perry the Platypus','Disney Channel, Disney XD',0,2007,0,'Male','https://static.wikia.nocookie.net/phineasandferb/images/6/66/Profile_-_Perry_the_Platypus.PNG/revision/latest/scale-to-width-down/268?cb=20200401182751',24),(251,'Isabella Garcia-Shapiro','Disney Channel, Disney XD',0,2007,0,'Female','https://static.wikia.nocookie.net/phineasandferb/images/8/8c/Profile_-_Isabella_Garcia-Shapiro.PNG/revision/latest/scale-to-width-down/267?cb=20241211081457',24),(252,'Baljeet','Disney Channel, Disney XD',0,2007,0,'Male','https://static.wikia.nocookie.net/phineasandferb/images/9/98/Baljeet.JPG/revision/latest/scale-to-width-down/268?cb=20170806211609',24),(253,'Bluey','ABC Kids, Disney Junior',1,2018,1,'Female','https://2.bp.blogspot.com/-IbDFUv2ZglE/W6Gv79TlcBI/AAAAAAAAXD0/p8ncVfpToGU09phM9VI9bmHQ-Y3xDgzRACLcBGAs/s1600/Bluey-TV-Series-ABC-Kids-Bluey-Character-waving.jpg',6),(254,'Bingo','ABC Kids, Disney Junior',0,2018,1,'Female','https://www.bluey.tv/wp-content/uploads/2023/07/B2.png',6),(255,'Tom','Cartoon Network, CBS',1,1940,0,'Male','https://upload.wikimedia.org/wikipedia/en/f/f6/Tom_Tom_and_Jerry.png',71),(256,'Jerry','Cartoon Network, CBS',1,1940,0,'Male','https://i.pinimg.com/originals/85/58/29/85582987f7125e4868fdcb28661e934f.png',71),(257,'Austin','Nick Jr., Nickelodeon',1,2004,0,'Male','http://vignette3.wikia.nocookie.net/thebackyardigansencyclopedia/images/6/6f/The_Backyardigans_Austin_Laughing_Nickelodeon_Nick_Jr._Character_Image.png/revision/latest?cb=20160705175825',40),(258,'Johnny Test','Cartoon Network, Teletoon',1,2005,0,'Male','https://static.wikia.nocookie.net/versus-compendium/images/0/01/Janny_Test.png/revision/latest?cb=20180922185847',8),(259,'Susan Test','Cartoon Network, Teletoon',0,2005,0,'Female','http://img1.wikia.nocookie.net/__cb20110416213649/johnnytest/images/9/95/Susan.png',8),(260,'Mary Test','Cartoon Network, Teletoon',0,2005,0,'Female','http://images3.wikia.nocookie.net/__cb20110416213652/johnnytest/images/a/aa/Mary.png',8),(261,'Otis','Nickelodeon',1,2007,0,'Male','https://static.miraheze.org/greatcharacterswiki/thumb/4/4a/OtisTheCow.png/300px-OtisTheCow.png',1),(262,'Pig','Nickelodeon',0,2007,0,'Female','http://img1.wikia.nocookie.net/__cb20130907091939/barnyard/images/b/b5/Barnyard_Movie_Pig.jpg',1),(263,'Blue','Nickelodeon',1,1996,0,'Female','https://vignette.wikia.nocookie.net/thebluescluesencyclopedia/images/5/55/Blues-Clues-and-You-Blue.jpg/revision/latest/scale-to-width-down/2000?cb=20190831170833',5),(264,'Steve','Nickelodeon',0,1996,0,'Male','https://vignette.wikia.nocookie.net/thebluescluesencyclopedia/images/3/3b/Blue\'s_Clues_Steve_2D.png/revision/latest?cb=20171211211245',5),(265,'Skipper','Nickelodeon',1,2008,0,'Male','http://img4.wikia.nocookie.net/__cb20121120132328/penguinsofmadagascar/images/9/99/Skipper_2.jpg',27),(266,'Kowalski','Nickelodeon',0,2008,0,'Male','https://static.wikia.nocookie.net/penguinsofmadagascar/images/d/d3/KowalskiNew.png/revision/latest/scale-to-width-down/1200?cb=20211124232503',27),(267,'Rico','Nickelodeon',0,2008,0,'Male','https://vignette.wikia.nocookie.net/p__/images/5/54/Rico03.png/revision/latest?cb=20170516033804&path-prefix=protagonist',27),(268,'Private','Nickelodeon',0,2008,0,'Male','http://static2.wikia.nocookie.net/__cb20121120132345/penguinsofmadagascar/images/3/37/Private_2.jpg',27),(269,'Curious George','PBS Kids',1,2006,0,'Male','https://vignette.wikia.nocookie.net/curious-george/images/d/d8/Curious_George.png/revision/latest?cb=20180109005518',72),(270,'The Man in the Yellow Hat','PBS Kids',0,2006,0,'Male','https://vignette.wikia.nocookie.net/curious-george/images/f/fd/Ted_(2019).jpg/revision/latest?cb=20200114022334',72),(271,'Fanboy','Nickelodeon',1,2009,0,'Male','https://static.wikia.nocookie.net/fbandcc/images/0/0e/Fanboy1.png/revision/latest/scale-to-width-down/1200?cb=20190608152654',73),(272,'Chum Chum','Nickelodeon',1,2009,0,'Male','https://static.wikia.nocookie.net/fbandcc/images/9/93/Chum_Chum1.png/revision/latest?cb=20190608152703',73),(273,'Kai-Lan','Nickelodeon',1,2007,0,'Female','https://vignette.wikia.nocookie.net/nihaokailan/images/0/08/Kai_lan.png/revision/latest?cb=20130912221227',74),(274,'Rintoo','Nickelodeon',0,2007,0,'Male','http://images4.fanpop.com/image/photos/21600000/Kai-Lan-and-Rintoo-ni-hao-kai-lan-21617893-1024-1024.jpg',74),(275,'Clifford','PBS Kids',1,2000,0,'Male','http://img2.wikia.nocookie.net/__cb20131006055214/clifford/images/d/d1/Clifford4.png',75),(276,'Emily Elizabeth','PBS Kids',0,2000,0,'Female','http://img3.wikia.nocookie.net/__cb20130929152232/clifford/images/d/d5/Emily2.png',75),(277,'Bob the Builder','Nick Jr., PBS Kids',1,1998,0,'Male','https://i.pinimg.com/originals/0b/a3/77/0ba377cf0a8d0eb5f4fee0c52ff575ab.jpg',76),(278,'Wendy','Nick Jr., PBS Kids',0,1998,0,'Female','https://static.miraheze.org/greatcharacterswiki/thumb/d/de/Wendy1.png/640px-Wendy1.png',76),(279,'Pink Panther','Cartoon Network, NBC',1,1963,0,'Male','https://i.pinimg.com/originals/86/00/ad/8600ad29902c6f6e27c30e40d3603f2f.jpg',25),(280,'Inspector Clouseau','Cartoon Network, NBC',0,1963,0,'Male','https://i.pinimg.com/474x/f5/0a/60/f50a60d1b5db462bbe994dd5ca86c091.jpg',25),(281,'Wubbzy','Nick Jr.',1,2006,0,'Male','http://images.wikia.com/annoyingorangefanon/images/0/04/Wubbzy.jpg',77),(282,'Walden','Nick Jr.',0,2006,0,'Male','https://vignette.wikia.nocookie.net/p__/images/4/40/Walden_(Wow!_Wow!_Wubbzy!).png/revision/latest?cb=20200803032825&path-prefix=protagonist',77),(283,'Daizy','Nick Jr.',0,2006,0,'Female','https://vignette.wikia.nocookie.net/wubbzy/images/d/d9/Daizy.png/revision/latest?cb=20200605043721',77),(284,'Little Bill','Noggin, Nickelodeon',1,1999,0,'Male','https://static.wikia.nocookie.net/littlebill/images/8/86/Little_Bill_002HR.png/revision/latest/scale-to-width-down/1200?cb=20150909130513',78),(285,'Little Bill\'s Mom','Noggin, Nickelodeon',0,1999,0,'Female','https://static.wikia.nocookie.net/littlebill/images/d/d2/File-Brenda-thumb.jpg/revision/latest/scale-to-width/360?cb=20120713184928',78),(286,'Little Bill\'s Dad','Noggin, Nickelodeon',0,1999,0,'Male','https://static.wikia.nocookie.net/littlebill/images/f/f8/Big_Bill_Glover.jpg/revision/latest/scale-to-width/360?cb=20120713181123',78),(287,'Dudley Puppy','Nickelodeon',1,2010,0,'Male','http://vignette2.wikia.nocookie.net/tuffpuppy/images/b/b8/Dudley.PNG/revision/latest?cb=20111015115107',79),(288,'Kitty Katswell','Nickelodeon',0,2010,0,'Female','http://vignette2.wikia.nocookie.net/tuffpuppy/images/0/0a/Kitty_Katswell.jpg/revision/latest?cb=20140211013326',79),(289,'Twilight Sparkle','Discovery Family, The Hub',1,2010,0,'Female','https://3.bp.blogspot.com/-EZChWVniHDc/UtAYD1FB4hI/AAAAAAAAAec/xo2En-anbNM/s1600/ts16.png',80),(290,'Rainbow Dash','Discovery Family, The Hub',0,2010,0,'Female','http://static1.wikia.nocookie.net/__cb20140114011114/maditsmadfunny/images/4/41/Rainbow_Dash_3.png',80),(291,'Applejack','Discovery Family, The Hub',0,2010,0,'Female','https://4.bp.blogspot.com/-ZZ96bprrMEo/Wh8RrLOd9fI/AAAAAAABNUg/WsLlQT_NbqEBvy9Rw15vIoQz4i0qn73_QCKgBGAs/s1600/Applejack_by_vexorb-d4jlkc1.png',80),(292,'Pinkie Pie','Discovery Family, The Hub',0,2010,0,'Female','http://images6.fanpop.com/image/photos/36900000/Pinkie-Pie-my-little-pony-friendship-is-magic-36959179-1280-1377.png',80),(293,'Fluttershy','Discovery Family, The Hub',0,2010,0,'Female','https://static.wikia.nocookie.net/mylittlebrony/images/f/f4/Fl.png/revision/latest?cb=20130504145924',80),(294,'Rarity','Discovery Family, The Hub',0,2010,0,'Female','https://static.wikia.nocookie.net/characterprofile/images/a/af/Rarity.png/revision/latest?cb=20240802062509',80),(295,'Big Bird','Sesame Workshop, PBS',1,1969,1,'Male','https://static.wikia.nocookie.net/ryans-funny-parts/images/4/49/Big-Bird-03.png/revision/latest?cb=20160102004342',39),(296,'Elmo','Sesame Workshop, PBS',1,1969,1,'Male','https://www.pngitem.com/pimgs/m/3-30315_elmo-sesame-street-cartoon-hd-png-download.png',39),(297,'Cookie Monster','Sesame Workshop, PBS',0,1969,1,'Male','https://www.nicepng.com/png/detail/434-4345546_cookie-monster-sesame-street-character-clipart.png',39),(298,'Oscar the Grouch','Sesame Workshop, PBS',0,1969,1,'Male','https://easydrawingguides.com/wp-content/uploads/2019/03/how-to-draw-Oscar-the-grouch-from-sesame-street-featured-image-1200.png',39),(299,'Garfield','CBS, Cartoon Network',1,1988,0,'Male','https://static.wikia.nocookie.net/garfield/images/9/9f/GarfieldCharacter.jpg/revision/latest?cb=20180421131132',81),(300,'Odie','CBS, Cartoon Network',0,1988,0,'Male','https://static.wikia.nocookie.net/garfield/images/a/ac/OdieCharacter.jpg/revision/latest?cb=20161218045212',81),(301,'Jon Arbuckle','CBS, Cartoon Network',0,1988,0,'Male','https://vignette.wikia.nocookie.net/garfield/images/f/f2/Jon_Q._Arbuckle.jpg/revision/latest?cb=20161218055015',81),(302,'Leo','Disney Channel, Playhouse Disney',1,2005,0,'Male','https://vignette.wikia.nocookie.net/littleeinsteinspedia/images/1/1a/LE_Leo_02.jpg/revision/latest?cb=20130721220318',15),(303,'Quincy','Disney Channel, Playhouse Disney',0,2005,0,'Male','https://vignette.wikia.nocookie.net/disney/images/0/0a/Little_Einsteins_-_Quincy_-_Render.png/revision/latest?cb=20160520184646',15),(304,'Annie','Disney Channel, Playhouse Disney',0,2005,0,'Female','https://static.wikia.nocookie.net/littleeinsteinspedia/images/5/53/BE1BAD95-30BB-4D55-8AA9-1BF6CE123D05.png/revision/latest?cb=20231118231241',15),(305,'Caillou','PBS Kids, Teletoon',1,1997,0,'Male','https://static.wikitide.net/loathsomecharacterswiki/b/b5/Cailloupose4.png',82),(306,'Rosie','PBS Kids, Teletoon',0,1997,0,'Female','https://static.wikia.nocookie.net/caillou/images/8/89/Caillou_personajes_rosie.png/revision/latest/thumbnail/width/360/height/360?cb=20150815055221',82),(307,'Caillou\'s Mom','PBS Kids, Teletoon',0,1997,0,'Female','https://static.wikia.nocookie.net/caillou/images/f/f9/Caillou_Mommy_2.png/revision/latest?cb=20200401033506',82),(308,'Caillou\'s Dad','PBS Kids, Teletoon',0,1997,0,'Male','https://static.wikia.nocookie.net/caillou/images/9/90/Caillou_Daddy_2.png/revision/latest?cb=20170717024435',82),(309,'Charlie Brown','CBS',1,1965,0,'Male','https://static.wixstatic.com/media/449abe_5bcdc480851443d6b592c87fa3552f4e~mv2.jpg/v1/fill/w_1080,h_1080,al_c,q_85/cb-color.jpg',23),(310,'Snoopy','CBS',1,1965,0,'Male','https://upload.wikimedia.org/wikipedia/en/5/53/Snoopy_Peanuts.png',23),(311,'Lucy','CBS',0,1965,0,'Female','https://sketchok.com/images/articles/01-cartoons/000-va/85/11.jpg',23),(312,'Linus','CBS',0,1965,0,'Male','https://i.pinimg.com/originals/a6/9b/c1/a69bc1a3e553d5f057c7ea1c1fa4c613.png',23),(313,'Sally','CBS',0,1965,0,'Female','https://w7.pngwing.com/pngs/323/661/png-transparent-sally-brown-peanuts-female-character-illustration-sally-lucy-van-pelt-charlie-brown-linus-van-pelt-snoopy-sally-the-peanuts-movie-cartoon-child-toddler-cartoons.png',23),(314,'Lilo','Disney Channel',1,2003,0,'Female','https://static.wikia.nocookie.net/disney/images/1/1f/Profile_-_Lilo.png/revision/latest?cb=20190312072611',14),(315,'Stitch','Disney Channel',1,2003,0,'Male','https://orig00.deviantart.net/ec0c/f/2016/273/d/e/lilo_and_stitch__stitch_by_skyfallerart-dajgdv2.jpg',14),(316,'Nani','Disney Channel',0,2003,0,'Female','https://static.wikia.nocookie.net/disney/images/5/58/Nani_P_Lilo_and_Stitch.jpg/revision/latest?cb=20160611074647',14),(317,'Thomas','Channel 5, PBS Kids',1,1984,1,'Male','https://vignette.wikia.nocookie.net/ttte/images/3/3a/ThomasCGIPromo17.jpg/revision/latest?cb=20140716092759',83),(318,'Percy','Channel 5, PBS Kids',0,1984,1,'Male','https://vignette2.wikia.nocookie.net/ttte/images/1/1a/PlayfulPercy!.png/revision/latest?cb=20151210183830',83),(319,'James','Channel 5, PBS Kids',0,1984,1,'Male','https://upload.wikimedia.org/wikipedia/en/f/f9/Thomas_and_Friends_James.jpg',83),(320,'Milli','Nick Jr., Nickelodeon',1,2010,0,'Female','https://static.wikia.nocookie.net/nickelodeon/images/7/7f/Dd2d9cd44cb98f1c4a5b30a1854ada08.png/revision/latest?cb=20191108025609',84),(321,'Geo','Nick Jr., Nickelodeon',1,2010,0,'Male','http://4.bp.blogspot.com/-9Pv873sfqUg/Uii_XLG2nEI/AAAAAAAAVK4/k69gJp4dJiM/s1600/geo.png',84),(322,'Bot','Nick Jr., Nickelodeon',0,2010,0,'Male','https://static.wikia.nocookie.net/teamumizoomi/images/8/8c/Bot_sticker.png/revision/latest?cb=20230908013236',84),(323,'Peck','Nickelodeon',0,2007,0,'Male','https://static.wikia.nocookie.net/nickelodeon/images/8/82/Back_at_the_Barnyard_Peck.png/revision/latest?cb=20160926140330',1),(324,'Freddy','Nickelodeon',0,2007,0,'Male','https://static.wikia.nocookie.net/nickelodeon/images/7/71/Freddy_the_Ferret.png/revision/latest?cb=20160924163129',1),(325,'Snotty Boy','Nickelodeon',0,2007,0,'Male','https://static.wikia.nocookie.net/nickelodeon/images/5/56/Snotty_Boy1.png/revision/latest?cb=20231024012146',1),(326,'Jay Bilzerian','Netflix',0,2017,1,'Male','https://static.wikia.nocookie.net/bigmouth/images/f/f6/Big_Mouth_HD_CLEAR_Character_ART_Jay_Bilzerian.png/revision/latest?cb=20190402091226',2),(327,'Lola Skumpy','Netflix',0,2017,0,'Female','https://static.wikia.nocookie.net/bigmouth/images/0/01/Lola_Skumpy_Trasnparent.jpg/revision/latest?cb=20210128031654',2),(328,'Maury Beverly','Netflix',0,2017,0,'Male','https://static.wikia.nocookie.net/bigmouth/images/f/f7/Big_Mouth_HD_CLEAR_Character_ART_Maurice_the_Hormone_Monster.png/revision/latest?cb=20190402091334',2),(329,'Mr. Salt','Nickelodeon',0,1996,0,'Male','https://static.wikia.nocookie.net/thebluescluesencyclopedia/images/3/39/1670044223408.png/revision/latest?cb=20230212213746',5),(330,'Mrs. Pepper','Nickelodeon',0,1996,0,'Female','https://static.wikia.nocookie.net/thebluescluesencyclopedia/images/1/15/Blues-Clues-Mrs-Pepper-happy-art-And-You.png/revision/latest/scale-to-width/360?cb=20200522211137',5),(331,'Bandit','ABC Kids, Disney Junior',0,2018,1,'Male','https://upload.wikimedia.org/wikipedia/en/9/90/Bandit_Heeler.png',6),(332,'Chilli','ABC Kids, Disney Junior',1,2018,0,'Female','https://www.bluey.tv/wp-content/uploads/2023/07/Chilli.png',6),(333,'Muffin','ABC Kids, Disney Junior',0,2018,0,'Female','https://static.wikia.nocookie.net/blueypedia/images/7/7c/Muffin_1.png/revision/latest/scale-to-width-down/1200?cb=20231114131650',6),(334,'Nigel Uno (Numbuh 1)','Cartoon Network',1,2002,0,'Male','https://static.wikia.nocookie.net/knd/images/4/4d/Numbuh_1.jpg/revision/latest/scale-to-width-down/1000?cb=20221225185818',7),(335,'Dukey','Cartoon Network, Teletoon',0,2005,0,'Male','https://static.wikia.nocookie.net/johnnytest/images/7/78/Jt_char_dukey_174x252.png/revision/latest?cb=20240320213616',8),(336,'Jumba Jookiba','Disney Channel',0,2003,0,'Female','https://static.wikia.nocookie.net/disney/images/3/3d/Profile_-_Jumba.jpg/revision/latest?cb=20190312074022',14),(337,'Pleakley','Disney Channel',0,2003,0,'Female','https://static.wikia.nocookie.net/stitchipediaalilostitch/images/a/a1/Pleakley.jpg/revision/latest/scale-to-width/360?cb=20240317051347',14),(338,'June','Disney Channel, Playhouse Disney',0,2005,0,'Female','https://static.wikia.nocookie.net/littleeinsteinspedia/images/5/50/June_Render.png/revision/latest/scale-to-width-down/1000?cb=20191212193818',15),(339,'Wile E. Coyote','Cartoon Network, Nickelodeon, ABC, CBS',0,1930,0,'Male','https://static.wikia.nocookie.net/looneytunes/images/7/7f/Coyote.gif/revision/latest?cb=20060219181853',18),(340,'Road Runner','Cartoon Network, Nickelodeon, ABC, CBS',0,1930,0,'Male','https://static.wikia.nocookie.net/looneytunes/images/4/43/Road-runner.png/revision/latest?cb=20230106103454',18),(341,'Speedy Gonzales','Cartoon Network, Nickelodeon, ABC, CBS',0,1930,0,'Male','https://static.wikia.nocookie.net/looneytunes/images/e/e4/Speedy_Gonzales_%28SVG%29.svg/revision/latest?cb=20220112004243',18),(342,'Max Bunny','Nick Jr., Treehouse TV',1,2002,0,'Male','https://static.wikia.nocookie.net/maxandruby/images/1/19/Max_normal.png/revision/latest?cb=20240110150634',10),(343,'Dr. Nora Wakeman','Nickelodeon',0,2003,0,'Female','https://static.wikia.nocookie.net/nickelodeon/images/6/67/Character_large_332x363_wakeman.jpg/revision/latest?cb=20180909055919',22),(344,'Brad Carbunkle','Nickelodeon',0,2003,0,'Male','https://static.wikia.nocookie.net/nickelodeon/images/7/71/Character_large_332x363_brad.jpg/revision/latest?cb=20181219035216',22),(345,'Tuck Carbunkle','Nickelodeon',0,2003,0,'Male','https://static.wikia.nocookie.net/nickelodeon/images/2/2d/Character_large_332x363_tuck.jpg/revision/latest?cb=20181219035757',22),(346,'Peppermint Patty','CBS',0,1965,0,'Female','https://upload.wikimedia.org/wikipedia/en/thumb/a/a0/Peppermint_Patty.png/220px-Peppermint_Patty.png',23),(347,'Woodstock','CBS',0,1965,0,'Male','https://upload.wikimedia.org/wikipedia/en/thumb/d/db/Woodstock.png/220px-Woodstock.png',23),(348,'Dr. Heinz Doofenshmirtz','Disney Channel, Disney XD',0,2007,0,'Male','https://upload.wikimedia.org/wikipedia/en/e/eb/Heinz_Doofenshmirtz.png',24),(349,'Mrs. Turner','Nickelodeon',0,2001,0,'Female','https://static.wikia.nocookie.net/fairlyoddparents/images/b/be/Mrs_Turner_main_page-infobox.png/revision/latest?cb=20231114171412&path-prefix=en',26),(350,'King Julien','Nickelodeon',0,2008,0,'Male','https://static.wikia.nocookie.net/penguinsofmadagascar/images/c/cd/King_Julien_profile.png/revision/latest?cb=20151125110328',27),(351,'Mort','Nickelodeon',0,2008,0,'Male','https://static.wikia.nocookie.net/penguinsofmadagascar/images/f/f8/Ahkjmort.png/revision/latest?cb=20190727144938',27),(352,'Maurice','Nickelodeon',0,2008,0,'Male','https://en.wikifur.com/w/images/1/18/Maurice.jpeg',27),(353,'Samurai Jack','Cartoon Network',1,2001,0,'Male','http://images1.wikia.nocookie.net/__cb20130213201806/samuraijack/images/5/5c/Samurai_Jack.png',9),(354,'The Scotsman','Cartoon Network',0,2001,0,'Male','https://vignette4.wikia.nocookie.net/samuraijack/images/c/cc/Scotsman.gif/revision/latest?cb=20161225101654',9),(355,'Ashi','Cartoon Network',0,2001,0,'Female','https://i.pinimg.com/originals/07/33/b1/0733b104ae41c1d4b413948659a9d059.jpg',9),(356,'Courage','Cartoon Network',1,1999,0,'Male','https://www.wallpaperflare.com/static/304/407/731/courage-the-cowardly-dog-cartoon-network-cartoon-dog-wallpaper.jpg',28),(357,'Muriel Bagge','Cartoon Network',0,1999,0,'Female','http://vignette2.wikia.nocookie.net/courage/images/a/ad/Muriel_Bagge.jpg/revision/latest?cb=20110610081643',28),(358,'Eustace Bagge','Cartoon Network',0,1999,0,'Male','https://static1.cbrimages.com/wordpress/wp-content/uploads/2021/08/R-3.jpg',28),(359,'Kick Buttowski','Disney XD',1,2010,0,'Male','https://static.wikia.nocookie.net/kickbuttowski/images/e/e5/Kick.png/revision/latest/scale-to-width-down/200?cb=20190712093317',29),(360,'Gunther','Disney XD',0,2010,0,'Male','https://vignette.wikia.nocookie.net/kickbuttowskisurbubandaredevil/images/6/6b/Gunther.JPG/revision/latest?cb=20101224174413',29),(361,'Milo','Disney Channel',1,2010,0,'Male','https://lumiere-a.akamaihd.net/v1/images/open-uri20150422-20810-bl0r1m_0896de19.jpeg?region=0,0,600,600',30),(362,'Oscar','Disney Channel',0,2010,0,'Male','http://images1.wikia.nocookie.net/__cb20100906155710/fishhooks/images/7/77/Oscar.jpg',30),(363,'Becky','Disney Channel',0,2010,0,'Female','http://images4.fanpop.com/image/photos/22600000/bea-fish-hooks-22624165-540-720.jpg',30),(364,'Chowder','Cartoon Network',1,2007,0,'Male','https://static.wikia.nocookie.net/warner-bros-entertainment/images/8/8b/Chowder_character.png/revision/latest?cb=20180710045007',36),(365,'Mung Daal','Cartoon Network',0,2007,0,'Male','https://static.wikia.nocookie.net/daffysbizarreadventure/images/a/a9/Mungs2.png/revision/latest?cb=20200205211759',36),(366,'Shnitzel','Cartoon Network',0,2007,0,'Male','https://static.wikia.nocookie.net/chowder/images/1/18/Shnitzel.svg/revision/latest?cb=20210824063124',36),(367,'Huey Freeman','Cartoon Network, Adult Swim',1,2005,0,'Male','https://upload.wikimedia.org/wikipedia/en/thumb/2/27/Huey_Freeman.png/130px-Huey_Freeman.png',13),(368,'Riley Freeman','Cartoon Network, Adult Swim',0,2005,0,'Male','https://upload.wikimedia.org/wikipedia/en/thumb/a/a8/Riley_Freeman.png/140px-Riley_Freeman.png',13),(369,'Robert \'Granddad\' Freeman','Cartoon Network, Adult Swim',0,2005,0,'Male','https://static.wikia.nocookie.net/p__/images/1/1a/Robert_Jebediah_Freeman.jpg/revision/latest/scale-to-width/360?cb=20140705234008&path-prefix=protagonist',13),(370,'Hank Hill','Fox',1,1997,0,'Male','https://upload.wikimedia.org/wikipedia/en/c/c4/Hank_Hill.png',3),(371,'Peggy Hill','Fox',0,1997,0,'Female','https://upload.wikimedia.org/wikipedia/en/f/f8/Peggy_Hill.png',3),(372,'Bobby Hill','Fox',0,1997,0,'Male','https://static.wikia.nocookie.net/kingofthehill/images/c/c7/Bobby.png/revision/latest?cb=20220825173943',3),(373,'Arthur Read','PBS, PBS Kids',1,1996,0,'Male','https://upload.wikimedia.org/wikipedia/en/thumb/6/65/Arthur_Read.svg/800px-Arthur_Read.svg.png',31),(374,'D.W. Read','PBS, PBS Kids',0,1996,0,'Female','https://vignette3.wikia.nocookie.net/arthur/images/3/3e/DW_HQ_pic.png/revision/latest?cb=20160125204321',31),(375,'Buster Baxter','PBS, PBS Kids',0,1996,0,'Male','http://img1.wikia.nocookie.net/__cb20120114192138/arthur/images/2/28/Prunella_Sees_the_Light_119.jpg',31),(376,'Lazlo','Cartoon Network',1,2005,0,'Male','https://static.wikia.nocookie.net/camplazlowiki/images/2/2e/Lazlo_hd.png/revision/latest?cb=20150519155038',32),(377,'Raj','Cartoon Network',0,2005,0,'Male','http://img1.wikia.nocookie.net/__cb20130622091059/camplazlowiki/images/thumb/0/00/Raj.png/500px-Raj.png',32),(378,'Adam Lyon','Cartoon Network',1,2005,0,'Male','https://static.wikia.nocookie.net/mygympartneramonkey/images/a/ad/Transparent_Adam_Lyon.png/revision/latest/scale-to-width-down/250?cb=20190608140003',4),(379,'Rex','Cartoon Network',1,2010,0,'Male','https://vignette.wikia.nocookie.net/cartoonnetwork/images/f/f5/Diseño_Oficial_Generador_Rex_-_Rex_Salazar_-_imagen_22.png/revision/latest?cb=20140818191428&path-prefix=es',33),(381,'Bobo Haha','Cartoon Network',0,2010,0,'Male','http://vignette3.wikia.nocookie.net/generadorrexcn/images/f/f4/Bobo_Haha_unfond.png/revision/latest?cb=20111026002318&path-prefix=es',33),(382,'Ilana','Cartoon Network',1,2010,0,'Female','https://static.wikia.nocookie.net/sym-bionic-titan/images/5/53/Ilana.svg/revision/latest/scale-to-width/360?cb=20141215033000',12),(383,'Lance','Cartoon Network',0,2010,0,'Male','https://vignette.wikia.nocookie.net/p__/images/2/21/Lance_(Sym-Bionic_Titan).png/revision/latest?cb=20150525002325&path-prefix=protagonist',12),(384,'Octus','Cartoon Network',0,2010,0,'Male','https://static.wikia.nocookie.net/sym-bionic-titan/images/3/34/Newton.svg/revision/latest/scale-to-width/360?cb=20150223073008',12),(385,'Steven Universe','Cartoon Network',1,2013,0,'Male','https://static.wikia.nocookie.net/steven-universe/images/1/12/StevenUniverse16_-2-_By_TheOffColors.png/revision/latest/scale-to-width-down/1200?cb=20201130004033',11),(386,'Garnet','Cartoon Network',0,2013,0,'Female','https://vignette.wikia.nocookie.net/steven-universe/images/1/16/GarnetByKmes.png/revision/latest?cb=20160617171556&path-prefix=fr',11),(387,'Amethyst','Cartoon Network',0,2013,0,'Female','http://img4.wikia.nocookie.net/__cb20141216201440/steven-universe/images/a/a6/AmethystCute.png',11),(388,'Johnny Bravo','Cartoon Network',1,1997,0,'Male','https://sethkoko-blog.com/wp-content/uploads/2021/01/592825.jpg',34),(389,'Little Suzy','Cartoon Network',0,1997,0,'Female','https://static.wikia.nocookie.net/johnnybravo/images/d/d8/Suzy_Pointing.png/revision/latest?cb=20220301063447',34),(390,'Eliza Thornberry','Nickelodeon',1,1998,0,'Female','https://static.wikia.nocookie.net/wildthornberrys/images/9/97/Eliza_Thornberry.png/revision/latest/scale-to-width-down/1200?cb=20220424052936',17),(391,'Nigel Thornberry','Nickelodeon',0,1998,0,'Male','https://www.vhv.rs/dpng/d/485-4851105_the-wild-thornberrys-wiki-nigel-thornberry-hd-png.png',17),(392,'Chris McLean','Teletoon, Cartoon Network',1,2007,0,'Male','http://vignette1.wikia.nocookie.net/totaldramaisland/images/4/44/EliottAChris.png/revision/latest?cb=20150721230458',19),(393,'Gwen','Teletoon, Cartoon Network',0,2007,0,'Female','https://i.pinimg.com/originals/53/d4/fa/53d4fa310b72159e3621ce9eae6b2542.png',19),(394,'Duncan','Teletoon, Cartoon Network',0,2007,0,'Male','https://i.pinimg.com/originals/00/73/92/0073924ebc4ee0c11d5259844d87706e.png',19),(395,'Master Shake','Adult Swim',1,2000,0,'Male','http://img1.wikia.nocookie.net/__cb20110426230523/athfwiki/images/0/01/Master-Shake.jpg',35),(396,'Frylock','Adult Swim',0,2000,0,'Male','http://static2.wikia.nocookie.net/__cb20101230022230/athfwiki/images/c/cd/AthfFrylock2.png',35),(397,'Meatwad','Adult Swim',0,2000,0,'Male','https://static.wikia.nocookie.net/supercomputer/images/a/a8/Meatwad.jpg/revision/latest?cb=20100610020833',35),(398,'Uncle Grandpa','Cartoon Network',1,2013,0,'Male','https://static.wikia.nocookie.net/warner-bros-entertainment/images/1/17/UncleGrandpa.png/revision/latest?cb=20201121211722',20),(399,'Pizza Steve','Cartoon Network',0,2013,0,'Male','http://vignette3.wikia.nocookie.net/cartoon-networks-uncle-grandpa/images/f/fe/-unc-_wallpaper_-pizzasteve-_03_1024x768.jpg/revision/latest?cb=20130908155409',20),(400,'Penny Proud','Disney Channel',1,2001,0,'Female','http://static3.wikia.nocookie.net/__cb20111215221941/theproudfamily/images/thumb/b/b7/Vlcsnap-2011-10-14-12h39m50s115.png/500px-Vlcsnap-2011-10-14-12h39m50s115.png',16),(401,'Oscar Proud','Disney Channel',0,2001,0,'Male','https://i.pinimg.com/736x/e9/26/d2/e926d22e6ff827f911d3d4f1de298361.jpg',16),(402,'Trudy Proud','Disney Channel',0,2001,0,'Female','https://disneynews.us/wp-content/uploads/2023/04/Dr-Trudy-Proud-The-Proud-Family.png',16),(403,'Otto Rocket','Nickelodeon',1,1999,0,'Male','http://vignette1.wikia.nocookie.net/rocketpower/images/0/00/Otto_Rocket.png/revision/latest?cb=20160417053941',37),(404,'Reggie Rocket','Nickelodeon',0,1999,0,'Female','http://img3.wikia.nocookie.net/__cb20140809063832/nickelodeon/images/6/68/Reggie_Rocket.png',37),(405,'Twister','Nickelodeon',0,1999,0,'Male','http://vignette1.wikia.nocookie.net/rocketpower/images/1/10/Twister_with_his_arms_crossed.png/revision/latest?cb=20160417053939',37),(406,'Lumpus','Cartoon Network',0,2005,0,'Male','https://static.wikia.nocookie.net/camplazlowiki/images/a/a3/Scoutmasterlumpus.png/revision/latest?cb=20150520040313',32),(407,'Clam','Cartoon Network',0,2005,0,'Male','https://static.wikia.nocookie.net/p__/images/e/ed/Clam.png/revision/latest?cb=20160605210802&path-prefix=protagonist',32),(408,'Panini','Cartoon Network',0,2007,0,'Female','https://static.wikia.nocookie.net/chowder/images/2/29/Panini.svg/revision/latest?cb=20210824061958',36),(409,'Truffles','Cartoon Network',0,2007,0,'Female','https://static.wikia.nocookie.net/p__/images/b/bc/Truffles_%28Chowder%29.png/revision/latest?cb=20220113161835&path-prefix=protagonist',36),(410,'Brianna Buttowski','Disney XD',0,2010,0,'Female','https://static.wikia.nocookie.net/kickbuttowski/images/a/ab/Brianna2.png/revision/latest?cb=20190712093318',29),(411,'Kendall Perkins','Disney XD',0,2010,0,'Female','https://static.wikia.nocookie.net/kickbuttowski/images/9/95/Kendall_Perkins.png/revision/latest?cb=20240808234628',29),(412,'Brad Buttowski','Disney XD',0,2010,0,'Male','https://static.wikia.nocookie.net/kickbuttowski/images/7/7e/Brad_Buttowski.png/revision/latest?cb=20190712093317',29),(413,'Jeff Boomhauer','Fox',0,1997,0,'Male','https://static.wikia.nocookie.net/kingofthehill/images/b/be/Jeff_Boomhauer.png/revision/latest?cb=20151216222939',3),(414,'Luanne Platter','Fox',0,1997,0,'Female','https://static.wikia.nocookie.net/kingofthehill/images/d/da/Luanne_Platter_-%29.jpg/revision/latest?cb=20221014211535',3),(415,'Dale Gribble','Fox',0,1997,0,'Male','https://upload.wikimedia.org/wikipedia/en/a/a7/Dale_Gribble.png',3),(416,'Bill Dauterive','Fox',0,1997,0,'Male','https://upload.wikimedia.org/wikipedia/en/9/9b/Bill_Dauterive.png',3),(417,'Jake Spidermonkey','Cartoon Network',0,2005,0,'Male','https://static.wikia.nocookie.net/mygympartneramonkey/images/8/88/Jake_Spidermonkey.png/revision/latest?cb=20170701060459',4),(418,'Bull Sharkowski','Cartoon Network',0,2005,0,'Male','https://static.wikia.nocookie.net/mygympartneramonkey/images/b/b5/Bull_the_Villain.png/revision/latest?cb=20200527225013',4),(419,'Principal Pixiefrog','Cartoon Network',0,2005,0,'Male','https://static.wikia.nocookie.net/mygympartneramonkey/images/e/ea/Scared_Pixiefrog_Sheet.png/revision/latest?cb=20170625084628',4),(420,'Aku','Cartoon Network',0,2001,0,'Male','https://static.wikia.nocookie.net/samuraijack/images/f/f0/AKU.png/revision/latest?cb=20231210171526',9),(421,'Ruby','Cartoon Network',0,2013,0,'Female','https://static.wikia.nocookie.net/steven-universe/images/b/b4/Ruby1_ByTheOffColors.png/revision/latest/scale-to-width/360?cb=20201020170706',11),(422,'Saphire','Cartoon Network',0,2013,0,'Female','https://static.wikia.nocookie.net/steven-universe/images/5/5c/SappAltExpression.png/revision/latest?cb=20210220173615',11),(423,'Pearl','Cartoon Network',0,2013,0,'Female','https://upload.wikimedia.org/wikipedia/en/f/fb/Pearl_page_image.png',11),(424,'Suga Mama Proud','Disney Channel',0,2001,0,'Female','https://static.wikia.nocookie.net/theproudfamily/images/b/be/SugaMama_LouderandProuder.png/revision/latest?cb=20220424020622',16),(425,'BeBe Proud','Disney Channel',0,2001,0,'Male','https://static.wikia.nocookie.net/theproudfamily/images/c/c7/Proudfamily1.png/revision/latest/scale-to-width-down/250?cb=20140208202043',16),(426,'CeCe Proud','Disney Channel',0,2001,0,'Female','https://images-wixmp-ed30a86b8c4ca887773594c2.wixmp.com/f/c229c9f6-4adb-44f7-9105-114b94acfe74/dgbd5ml-db825340-6d9b-4d99-b167-b93268ec98c7.png?token=eyJ0eXAiOiJKV1QiLCJhbGciOiJIUzI1NiJ9.eyJzdWIiOiJ1cm46YXBwOjdlMGQxODg5ODIyNjQzNzNhNWYwZDQxNWVhMGQyNmUwIiwiaXNzIjoidXJuOmFwcDo3ZTBkMTg4OTgyMjY0MzczYTVmMGQ0MTVlYTBkMjZlMCIsIm9iaiI6W1t7InBhdGgiOiJcL2ZcL2MyMjljOWY2LTRhZGItNDRmNy05MTA1LTExNGI5NGFjZmU3NFwvZGdiZDVtbC1kYjgyNTM0MC02ZDliLTRkOTktYjE2Ny1iOTMyNjhlYzk4YzcucG5nIn1dXSwiYXVkIjpbInVybjpzZXJ2aWNlOmZpbGUuZG93bmxvYWQiXX0.oz5OEO9_T-jnbwksFeaqGFFVKS7vf1wQ0C0K6wq9LV8',16),(427,'Marianne Thornberry','Nickelodeon',0,1998,0,'Female','https://static.wikia.nocookie.net/wildthornberrys/images/2/2d/Mrs._Thornberry_happy.png/revision/latest?cb=20220423023157',17),(428,'Donnie Thornberry','Nickelodeon',0,1998,0,'Male','https://static.wikia.nocookie.net/nickelodeon/images/a/a8/Donnie_Thornberry.png/revision/latest?cb=20220422222529',17),(429,'Darwin Thornberry','Nickelodeon',0,1998,0,'Male','https://static.wikia.nocookie.net/wildthornberrys/images/1/1e/Darwin1.png/revision/latest?cb=20220423023709',17),(430,'Debbie Thornberry','Nickelodeon',0,1998,0,'Female','https://static.wikia.nocookie.net/wildthornberrys/images/e/ec/Debbie_Stock_Art.png/revision/latest?cb=20230214220042',17),(431,'Courtney','Teletoon, Cartoon Network',0,2007,0,'Female','https://static.wikia.nocookie.net/totaldramaisland/images/f/ff/TDA_DIY_Char_Courtney.png/revision/latest?cb=20231120231222',19),(432,'Heather','Teletoon, Cartoon Network',0,2007,0,'Female','https://static.wikia.nocookie.net/totaldramaisland/images/6/6e/Heath.png/revision/latest?cb=20231120230618',19),(433,'Owen','Teletoon, Cartoon Network',0,2007,0,'Male','https://static.wikia.nocookie.net/totaldramaisland/images/d/db/Owen.png/revision/latest?cb=20190613070955',19),(434,'Izzy','Teletoon, Cartoon Network',0,2007,0,'Female','https://static.wikia.nocookie.net/totaldramaisland/images/b/b0/Izzy.png/revision/latest?cb=20220122222659',19),(435,'Cody','Teletoon, Cartoon Network',0,2007,0,'Male','https://static.wikia.nocookie.net/totaldramaisland/images/4/45/Cody.png/revision/latest?cb=20220122221805',19),(436,'Leshawna','Teletoon, Cartoon Network',0,2007,0,'Female','https://static.wikia.nocookie.net/totaldramaisland/images/8/85/TDA_DIY_Char_Leshawna.png/revision/latest?cb=20220129212755',19),(437,'Mr. Gus','Cartoon Network',0,2013,0,'Male','https://static.wikia.nocookie.net/uncle-grandpa/images/1/1c/MrGus.png/revision/latest?cb=20130920021812',20),(438,'Giant Realistic Flying Tiger','Cartoon Network',0,2013,0,'Female','https://static.wikia.nocookie.net/uncle-grandpa/images/e/e5/GRFT.png/revision/latest?cb=20130920023228',20),(439,'Roger','Fox, TBS',0,2005,1,'Male','https://upload.wikimedia.org/wikipedia/en/1/1c/Roger_Smith.png',48),(440,'Stimpson J. Cat','Nickelodeon, MTV',1,1991,0,'Male','https://static.wikia.nocookie.net/renandstimpy/images/e/e6/Stimpy1.webp/revision/latest?cb=20241128000406',85),(441,'Ren Höek','Nickelodeon, MTV',1,1991,0,'Male','https://static.wikia.nocookie.net/renandstimpy/images/e/e7/Ren_Ho%C3%ABk.png/revision/latest/scale-to-width-down/1200?cb=20230124130236',85),(442,'Powdered Toast Man','Nickelodeon, MTV',0,1991,0,'Male','https://static.wikia.nocookie.net/nickelodeon/images/1/18/Powdered_Toast_Man.png/revision/latest?cb=20210716161217',85);
/*!40000 ALTER TABLE `game_cartooncharacter` ENABLE KEYS */;
UNLOCK TABLES;

--
-- Table structure for table `game_cartoonsuggestion`
--

DROP TABLE IF EXISTS `game_cartoonsuggestion`;
/*!40101 SET @saved_cs_client     = @@character_set_client */;
/*!50503 SET character_set_client = utf8mb4 */;
CREATE TABLE `game_cartoonsuggestion` (
  `id` bigint NOT NULL AUTO_INCREMENT,
  `name` varchar(100) NOT NULL,
  `description` text NOT NULL,
  `submitted_at` datetime NOT NULL,
  `submitter_ip` varchar(45) DEFAULT NULL,
  PRIMARY KEY (`id`)
) ENGINE=InnoDB DEFAULT CHARSET=utf8mb3;
/*!40101 SET character_set_client = @saved_cs_client */;

--
-- Dumping data for table `game_cartoonsuggestion`
--

LOCK TABLES `game_cartoonsuggestion` WRITE;
/*!40000 ALTER TABLE `game_cartoonsuggestion` DISABLE KEYS */;
/*!40000 ALTER TABLE `game_cartoonsuggestion` ENABLE KEYS */;
UNLOCK TABLES;

--
-- Table structure for table `game_show`
--

DROP TABLE IF EXISTS `game_show`;
/*!40101 SET @saved_cs_client     = @@character_set_client */;
/*!50503 SET character_set_client = utf8mb4 */;
CREATE TABLE `game_show` (
  `id` bigint NOT NULL AUTO_INCREMENT,
  `name` varchar(100) NOT NULL,
  PRIMARY KEY (`id`),
  UNIQUE KEY `name` (`name`)
) ENGINE=InnoDB AUTO_INCREMENT=86 DEFAULT CHARSET=utf8mb3;
/*!40101 SET character_set_client = @saved_cs_client */;

--
-- Dumping data for table `game_show`
--

LOCK TABLES `game_show` WRITE;
/*!40000 ALTER TABLE `game_show` DISABLE KEYS */;
INSERT INTO `game_show` VALUES (49,'Adventure Time'),(48,'American Dad!'),(35,'Aqua Teen Hunger Force'),(31,'Arthur'),(60,'Avatar: The Last Airbender'),(1,'Back at the Barnyard'),(62,'Ben 10'),(2,'Big Mouth'),(5,'Blue\'s Clues'),(6,'Bluey'),(76,'Bob the Builder'),(52,'Bob\'s Burgers'),(82,'Caillou'),(32,'Camp Lazlo'),(36,'Chowder'),(75,'Clifford the Big Red Dog'),(7,'Codename Kids Next Door'),(28,'Courage the Cowardly Dog'),(72,'Curious George'),(68,'Danny Phantom'),(53,'Dexter\'s Laboratory'),(41,'Dora the Explorer'),(54,'Ed, Edd n Eddy'),(43,'Family Guy'),(73,'Fanboy & Chum Chum'),(30,'Fish Hooks'),(51,'Foster\'s Home for Imaginary Friends'),(46,'Futurama'),(81,'Garfield and Friends'),(33,'Generator Rex'),(61,'Gravity Falls'),(34,'Johnny Bravo'),(8,'Johnny Test'),(29,'Kick Buttowski: Suburban Daredevil'),(63,'Kim Possible'),(3,'King of the Hill'),(14,'Lilo & Stitch'),(78,'Little Bill'),(15,'Little Einsteins'),(18,'Looney Tunes'),(10,'Max & Ruby'),(42,'Mickey Mouse Clubhouse'),(4,'My Gym Partner\'s a Monkey'),(22,'My Life as a Teenage Robot'),(80,'My Little Pony: Friendship is Magic'),(74,'Ni Hao, Kai-Lan'),(23,'Peanuts'),(38,'Peppa Pig'),(24,'Phineas and Ferb'),(25,'Pink Panther'),(50,'Regular Show'),(47,'Rick and Morty'),(37,'Rocket Power'),(70,'Rocko\'s Modern Life'),(64,'Rugrats'),(9,'Samurai Jack'),(69,'Scooby-Doo'),(39,'Sesame Street'),(44,'South Park'),(21,'SpongeBob SquarePants'),(11,'Steven Universe'),(12,'Sym-Bionic Titan'),(79,'T.U.F.F. Puppy'),(84,'Team Umizoomi'),(58,'Teen Titans'),(67,'Teenage Mutant Ninja Turtles'),(57,'The Adventures of Jimmy Neutron: Boy Genius'),(55,'The Amazing World of Gumball'),(40,'The Backyardigans'),(13,'The Boondocks'),(26,'The Fairly OddParents'),(59,'The Flintstones'),(65,'The Grim Adventures of Billy & Mandy'),(66,'The Marvelous Misadventures of Flapjack'),(27,'The Penguins of Madagascar'),(56,'The Powerpuff Girls'),(16,'The Proud Family'),(85,'The Ren & Stimpy Show'),(45,'The Simpsons'),(17,'The Wild Thornberrys'),(83,'Thomas & Friends'),(71,'Tom and Jerry'),(19,'Total Drama Island'),(20,'Uncle Grandpa'),(77,'Wow! Wow! Wubbzy!');
/*!40000 ALTER TABLE `game_show` ENABLE KEYS */;
UNLOCK TABLES;

--
-- Table structure for table `game_userpreference`
--

DROP TABLE IF EXISTS `game_userpreference`;
/*!40101 SET @saved_cs_client     = @@character_set_client */;
/*!50503 SET character_set_client = utf8mb4 */;
CREATE TABLE `game_userpreference` (
  `id` bigint NOT NULL AUTO_INCREMENT,
  `user_id` int NOT NULL,
  PRIMARY KEY (`id`),
  UNIQUE KEY `user_id` (`user_id`),
  CONSTRAINT `game_userpreference_ibfk_1` FOREIGN KEY (`user_id`) REFERENCES `auth_user` (`id`)
) ENGINE=InnoDB AUTO_INCREMENT=3 DEFAULT CHARSET=utf8mb3;
/*!40101 SET character_set_client = @saved_cs_client */;

--
-- Dumping data for table `game_userpreference`
--

LOCK TABLES `game_userpreference` WRITE;
/*!40000 ALTER TABLE `game_userpreference` DISABLE KEYS */;
INSERT INTO `game_userpreference` VALUES (1,1),(2,2);
/*!40000 ALTER TABLE `game_userpreference` ENABLE KEYS */;
UNLOCK TABLES;

--
-- Table structure for table `game_userpreference_excluded_characters`
--

DROP TABLE IF EXISTS `game_userpreference_excluded_characters`;
/*!40101 SET @saved_cs_client     = @@character_set_client */;
/*!50503 SET character_set_client = utf8mb4 */;
CREATE TABLE `game_userpreference_excluded_characters` (
  `id` bigint NOT NULL AUTO_INCREMENT,
  `userpreference_id` bigint NOT NULL,
  `cartooncharacter_id` bigint NOT NULL,
  PRIMARY KEY (`id`),
  UNIQUE KEY `userpreference_id` (`userpreference_id`,`cartooncharacter_id`),
  KEY `cartooncharacter_id` (`cartooncharacter_id`),
  CONSTRAINT `game_userpreference_excluded_characters_ibfk_1` FOREIGN KEY (`userpreference_id`) REFERENCES `game_userpreference` (`id`),
  CONSTRAINT `game_userpreference_excluded_characters_ibfk_2` FOREIGN KEY (`cartooncharacter_id`) REFERENCES `game_cartooncharacter` (`id`)
) ENGINE=InnoDB DEFAULT CHARSET=utf8mb3;
/*!40101 SET character_set_client = @saved_cs_client */;

--
-- Dumping data for table `game_userpreference_excluded_characters`
--

LOCK TABLES `game_userpreference_excluded_characters` WRITE;
/*!40000 ALTER TABLE `game_userpreference_excluded_characters` DISABLE KEYS */;
/*!40000 ALTER TABLE `game_userpreference_excluded_characters` ENABLE KEYS */;
UNLOCK TABLES;

--
-- Table structure for table `game_userpreference_excluded_shows`
--

DROP TABLE IF EXISTS `game_userpreference_excluded_shows`;
/*!40101 SET @saved_cs_client     = @@character_set_client */;
/*!50503 SET character_set_client = utf8mb4 */;
CREATE TABLE `game_userpreference_excluded_shows` (
  `id` bigint NOT NULL AUTO_INCREMENT,
  `userpreference_id` bigint NOT NULL,
  `show_id` bigint NOT NULL,
  PRIMARY KEY (`id`),
  UNIQUE KEY `userpreference_id` (`userpreference_id`,`show_id`),
  KEY `show_id` (`show_id`),
  CONSTRAINT `game_userpreference_excluded_shows_ibfk_1` FOREIGN KEY (`userpreference_id`) REFERENCES `game_userpreference` (`id`),
  CONSTRAINT `game_userpreference_excluded_shows_ibfk_2` FOREIGN KEY (`show_id`) REFERENCES `game_show` (`id`)
) ENGINE=InnoDB DEFAULT CHARSET=utf8mb3;
/*!40101 SET character_set_client = @saved_cs_client */;

--
-- Dumping data for table `game_userpreference_excluded_shows`
--

LOCK TABLES `game_userpreference_excluded_shows` WRITE;
/*!40000 ALTER TABLE `game_userpreference_excluded_shows` DISABLE KEYS */;
/*!40000 ALTER TABLE `game_userpreference_excluded_shows` ENABLE KEYS */;
UNLOCK TABLES;
/*!40103 SET TIME_ZONE=@OLD_TIME_ZONE */;

/*!40101 SET SQL_MODE=@OLD_SQL_MODE */;
/*!40014 SET FOREIGN_KEY_CHECKS=@OLD_FOREIGN_KEY_CHECKS */;
/*!40014 SET UNIQUE_CHECKS=@OLD_UNIQUE_CHECKS */;
/*!40101 SET CHARACTER_SET_CLIENT=@OLD_CHARACTER_SET_CLIENT */;
/*!40101 SET CHARACTER_SET_RESULTS=@OLD_CHARACTER_SET_RESULTS */;
/*!40101 SET COLLATION_CONNECTION=@OLD_COLLATION_CONNECTION */;
/*!40111 SET SQL_NOTES=@OLD_SQL_NOTES */;

-- Dump completed on 2025-03-01 19:58:04
